{"wall_distances": {"shape": [3877, 20], "dtype": "float32", "mean": [2704.2820573840186, 2580.888529179606, 2479.813494957063, 2448.5401080917186, 2359.257551646813, 2311.225593660841, 2301.0263920324464, 2374.337965047175, 2472.6014278116336, 2535.6627363381394, 2558.183423046425, 2589.305677322007, 2635.440272815336, 2667.244229912691, 2724.650405075128, 2675.935367592549, 2659.441604805685, 2661.5745324636355, 2647.45124327309, 2621.743502385342], "std": [816.6096327343497, 949.0937591925481, 1034.2491985183606, 1050.3683291471866, 1081.478906935449, 1093.947008785624, 1090.903115470286, 1036.4335628153092, 955.0246948208435, 907.1667508035434, 881.1346841110392, 841.4853621687695, 800.6670952658359, 762.271345745882, 677.7931300099448, 707.0387255870157, 736.7413265124878, 740.8190375396362, 763.2247275926798, 783.2064733453753]}, "keymask": {"shape": [3877, 1], "dtype": "uint16"}}