{"wall_distances": {"shape": [41340, 20], "dtype": "float32", "mean": [602.2669754317964, 591.0300127667281, 610.743518165534, 612.3908759506074, 583.4290706130356, 627.621288203204, 739.692422335856, 891.7580662117946, 1108.676178633, 1185.3468848440018, 1206.0850109738199, 1191.212949869533, 1019.2718982722678, 852.5626207548767, 706.8395876524743, 628.9411886849734, 626.5592432775177, 618.7911391567662, 582.0629368500637, 554.8679641038428], "std": [469.77259815806394, 459.6771852672179, 499.993856175434, 496.0020349435306, 441.3842335552417, 447.85070945550535, 498.95719647479183, 539.2573047665576, 565.4752221951012, 602.9676469598509, 684.8702399105302, 728.241854632224, 647.8283614887699, 543.7292559319717, 434.5462034363638, 352.4635176180876, 373.6401074611074, 415.5642520416315, 363.813623559039, 318.644460354878]}, "keymask": {"shape": [41340, 1], "dtype": "uint16"}}