{"wall_distances": {"shape": [5172, 20], "dtype": "float32", "mean": [646.6212434762864, 617.566201979026, 584.9971277491767, 559.4330539587539, 540.5483890069132, 554.5385848143459, 612.1173281527347, 683.895641819663, 818.9262264339776, 878.6544738082125, 949.3580590025717, 1023.9821861860983, 1021.4318799933993, 999.1047420022826, 917.7804993476307, 823.8234631950397, 755.7483268293104, 711.8603164491469, 712.9210255971748, 690.602648078071], "std": [559.1348950389968, 560.1847828377457, 520.6137585632366, 496.91422723385205, 473.18206016676, 489.0027341941003, 540.3227841075858, 597.0071818621655, 693.5189585180156, 719.4986581732827, 735.5705229953135, 745.2249374866925, 672.765197002028, 619.3070026422857, 550.8864386212238, 478.4433687476574, 412.258211178741, 366.8931214952195, 386.6619023803572, 377.8334500544066]}, "keymask": {"shape": [5172, 1], "dtype": "uint16"}}