{"wall_distances": {"shape": [4696, 20], "dtype": "float32", "mean": [347.57930606627275, 306.1507599012134, 350.53770986559, 435.6176120292967, 557.7158609003686, 694.5063698616184, 682.186798526546, 542.9882184645936, 605.2624942808842, 812.4294492870615, 827.449954200153, 648.6000657543317, 618.4127798695199, 695.0746999087772, 692.4459442624794, 568.9498799312825, 486.29815036839136, 443.9901579685998, 415.21810827653843, 464.4141876581051], "std": [384.2872874938645, 294.8668401248657, 461.109126000726, 613.1887938101484, 772.7021428791171, 902.1881510294955, 946.4018538684657, 812.118609400587, 864.5081229132446, 1077.0205764765626, 1071.6574536398196, 831.9035010619789, 803.1820707216139, 819.111317793852, 809.9437407301903, 677.8654647016416, 621.5476908990915, 604.5205432191066, 575.4452582649726, 620.9334881321258]}, "keymask": {"shape": [4696, 1], "dtype": "uint16"}}