{"wall_distances": {"shape": [6531, 24], "dtype": "float64", "mean": [340.1644533632378, 352.9319580115927, 395.91960562903876, 445.8324292535077, 514.2528775100808, 535.5054205712113, 538.5184467054097, 506.3104660502497, 486.2698198168392, 488.402963272447, 497.5673271810847, 675.5928717406009, 530.9048508734492, 476.1738395045284, 516.075180572031, 486.47799378721777, 474.9701846939269, 563.688782104288, 643.8488915061062, 632.6598915046892, 579.0657043584439, 448.26307912846573, 453.97257871308557, 446.045304058416], "std": [641.2551514215784, 655.894636768329, 717.0025181805966, 779.306526851136, 832.3946373453609, 804.8095116600551, 788.6124941460273, 756.9070805352515, 757.257524784336, 762.9756761761064, 755.544633708935, 964.075732850345, 738.9930409624043, 713.3801023124363, 840.839830007672, 838.5859334073134, 828.0899995226014, 915.3298561176302, 993.1475223364705, 996.7208426517568, 957.1405707226812, 834.0197255951801, 857.3901998695594, 839.2829269291635]}, "keymask": {"shape": [6531, 1], "dtype": "uint16"}}