{"wall_distances": {"shape": [6531, 20], "dtype": "float32", "mean": [155.4692126355552, 175.4552334495293, 204.26440889630936, 269.39484602296403, 358.44225573696593, 461.065361210157, 482.66016276772933, 463.40524265343913, 515.8402706753508, 577.7530698827659, 624.3767608534456, 541.3406481879312, 414.2334266411617, 376.7901544170911, 447.819484557566, 483.1057960896459, 427.17178837597675, 386.7914690423391, 364.1097898483748, 347.41010895724696], "std": [241.03170423640609, 346.0222906542142, 422.85521434694164, 546.669146623902, 665.1156907875069, 793.0621274729768, 820.0787802236396, 782.2454498904084, 822.3257942867375, 848.2320616774252, 896.2638015083587, 832.1548984887082, 665.166845845586, 583.8937257210977, 600.8505343610869, 637.195998266154, 605.7342548323841, 584.5743524856758, 576.4713072396861, 564.6820909114373]}, "keymask": {"shape": [6531, 1], "dtype": "uint16"}}