{"wall_distances": {"shape": [6650, 20], "dtype": "float32", "mean": [2001.9592502518472, 2013.0362802026198, 2029.3849012357118, 2050.3524427699276, 2079.121007223402, 2070.87886326691, 2066.7209964701447, 2036.281099805113, 2004.7775634058457, 1964.344407710681, 1961.9742402333557, 1954.6763990014024, 1950.0959480756994, 1956.8771482250504, 1951.9230148444617, 1913.1645424790013, 1840.0381154027389, 1882.9826138258293, 1878.2965734946988, 1888.3498338639356], "std": [1289.7641994387202, 1289.588564702085, 1279.8621992373564, 1261.483905826789, 1232.7416139612076, 1221.4565859260506, 1230.1654547524531, 1243.7512943198976, 1260.9166867205545, 1268.9291348274487, 1262.3149934632859, 1266.6138635281538, 1263.2907804802412, 1258.8126012557736, 1248.1640677946052, 1209.7692936850676, 1214.8379110157214, 1236.2636428621124, 1230.0142136085813, 1224.0594987967534]}, "keymask": {"shape": [6650, 1], "dtype": "uint16"}}