{"wall_distances": {"shape": [7840, 20], "dtype": "float32", "mean": [1058.7516031478594, 1037.0213684994837, 941.3110713911635, 1102.3877143802724, 1181.1338655396867, 1214.081438387744, 1136.5339179955256, 1146.2829453624408, 1150.9866017402217, 1192.1361766840591, 1162.2345794680025, 1170.270851802849, 1197.805266237988, 1271.4534501189846, 1403.156951363887, 1343.0055290065234, 1321.8675847137479, 1199.351087656895, 1303.6128951416772, 1299.6155541154415], "std": [1175.5560339402439, 1164.4056445380343, 1115.3459693301693, 1217.0655034777433, 1255.96138015317, 1261.6041697016858, 1224.0561120826974, 1218.6078722546983, 1200.9391868129358, 1171.9730261387786, 1138.955423604772, 1156.0303516198305, 1184.5627505398531, 1202.7876541313376, 1237.515584333587, 1248.6497117984934, 1279.344064288044, 1262.7660490833446, 1307.641294919648, 1318.532993345185]}, "keymask": {"shape": [7840, 1], "dtype": "uint16"}}