{"wall_distances": {"shape": [5562, 24], "dtype": "float64", "mean": [1196.7960884853496, 1158.6331599248233, 1143.0598667282645, 1260.5983403726152, 1201.2246102948595, 1168.7775027094974, 1126.0597327010253, 1073.0385726713437, 989.4739890116983, 947.6882711254259, 918.9261052610426, 770.2531695641403, 717.8056838738573, 651.4177093712609, 656.2245169813341, 666.108521970392, 709.5847084845615, 725.5029576408073, 717.0055773885032, 690.0822296479478, 724.2944537390827, 729.3706925265517, 752.112570398717, 776.3444067113834], "std": [1172.36834325939, 1159.0267548372087, 1140.2433638050707, 1151.9442790957075, 1107.470980756294, 1096.5518072153204, 1099.0067118912339, 1090.904687935951, 1066.8138844934513, 1047.4786248503776, 1030.0861412434667, 853.1196321636219, 793.9235191729424, 741.4095491234807, 787.2255536408802, 828.9344404341929, 917.5072397732025, 934.0549178313598, 925.1961757884209, 908.7931198978032, 966.3527942815939, 988.6055904424499, 1004.1384448752435, 1011.7643142626594]}, "keymask": {"shape": [5562, 1], "dtype": "uint16"}}
