{"wall_distances": {"shape": [5562, 20], "dtype": "float32", "mean": [2104.8330353211336, 1984.1411999318182, 2165.696156009893, 2164.972299515658, 2154.631963196012, 2072.965498262044, 1959.6349764081813, 1977.009688745596, 1978.508180900923, 1814.9029036304928, 1849.9368149662505, 1837.3380451578103, 1976.8808096510597, 1991.9473925547668, 2025.1986722093236, 2081.6119911843193, 2046.044709560667, 2074.3095855121023, 1869.988205181963, 1930.9344340236373], "std": [1142.2165877688665, 1193.5043921589313, 1131.7114134309504, 1131.825407135644, 1135.1132050214396, 1165.2954712685355, 1183.7699059861816, 1147.756588116384, 1133.4713409995418, 1099.661933505258, 1091.290499689967, 1098.5632866866194, 1124.1776675749904, 1136.6346452929592, 1125.7833054917587, 1133.1079677772982, 1157.4665535187846, 1155.5391091077058, 1228.209593323315, 1215.8556575334396]}, "keymask": {"shape": [5562, 1], "dtype": "uint16"}}