{"wall_distances": {"shape": [3627, 20], "dtype": "float32", "mean": [523.4721470951849, 530.2650582533832, 554.1346243515134, 607.7979420918219, 704.9631594121397, 819.5468951589625, 871.7732373861444, 830.7593154367074, 806.3702791272746, 667.2320812869655, 665.934479622652, 646.4000514498322, 514.1184231492246, 425.7872666911556, 388.550672860328, 368.2714170435273, 353.97644176905874, 398.73232694585505, 439.00439835621563, 467.4038722922408], "std": [288.75339767499, 257.1547530817164, 251.8682680636745, 278.2155256565048, 387.4573653371501, 562.830095776958, 663.1458669076528, 640.615013984712, 667.749781687827, 596.1405317969094, 631.7706656016139, 655.5137683200603, 509.63336333625796, 399.3777674043093, 360.4014229060857, 342.3735880076529, 301.78338193253836, 372.98519813540827, 440.98076786976293, 433.89122479892944]}, "keymask": {"shape": [3627, 1], "dtype": "uint16"}}