{"wall_distances": {"shape": [4435, 24], "dtype": "float64", "mean": [1388.6050884232984, 1417.424312458225, 1447.1246885273883, 1455.6453003495492, 1501.1388206344686, 1551.6698429527573, 1413.0730878269246, 1331.5575062898827, 1357.6888498112523, 1377.0259385980378, 1394.6994649256756, 1266.4552003336032, 1313.5568428689764, 1340.258100423251, 1308.7905943119563, 1349.9936799658183, 1462.4375959181502, 1259.6729082034049, 1239.4250082887218, 1261.4570959949017, 1263.7298670390344, 1296.7230740177279, 1302.5530503562563, 1329.009913745415], "std": [1305.675001741726, 1307.7631735677796, 1301.6134632022558, 1277.7759978057518, 1247.6839988580634, 1220.7103550466338, 1232.1145831978022, 1218.0381340354074, 1210.3357493892127, 1200.9460650629867, 1180.0459367309081, 1097.5636348885457, 1094.2506577266531, 1116.2570316951885, 1102.0781491296975, 1113.0165363062354, 1189.471509226372, 1058.4501543566673, 1046.857370565791, 1074.4601835482576, 1064.81396711635, 1080.0436940412003, 1090.3702659092312, 1101.3296638063782]}, "keymask": {"shape": [4435, 1], "dtype": "uint16"}}