{"wall_distances": {"shape": [4435, 20], "dtype": "float32", "mean": [585.5293292308604, 573.582909080967, 672.1304829835115, 869.9719414365504, 1095.931508531802, 896.8038208522391, 678.9126038997221, 588.7982476801095, 563.9761364933198, 548.3314754437234, 520.449363191109, 563.1108250280487, 317.91963494734347, 310.96383193511264, 282.43752622384574, 268.8701412555559, 241.6358155732536, 219.07170892598603, 226.4450988759879, 267.48607662657884], "std": [820.1418042220536, 761.9055731019408, 845.6087337111263, 993.37462571967, 1102.905268710417, 1059.6029987853046, 918.1124003094423, 836.4363080748938, 821.594508052878, 815.8424713442982, 792.4127448488958, 971.0437352450637, 601.1889850092487, 650.2552252323576, 621.162701437454, 597.5776850273471, 558.7501485192743, 509.41801736944655, 520.39029492215, 569.828334777638]}, "keymask": {"shape": [4435, 1], "dtype": "uint16"}}