{"wall_distances": {"shape": [4343, 20], "dtype": "float32", "mean": [1226.2481023735659, 1198.1783146788828, 1199.2119294788463, 1247.8645423543812, 1286.2902268075952, 1076.4896636925782, 1023.4479471298683, 1012.6826233132658, 1171.0108135364378, 1268.476237381732, 1423.397327456684, 1234.0084484766655, 1224.3262376003738, 1295.4101796698897, 1261.9747574016683, 1223.7146272339246, 1215.5745208442424, 1215.600426213637, 1245.4250863189043, 1430.3657474529434], "std": [1297.7943207791518, 1284.6480679792387, 1271.079511117114, 1275.498045983018, 1277.382111624007, 1227.1695259594846, 1203.879363223208, 1202.734736235359, 1246.0470944357628, 1272.699085564828, 1352.107224665619, 1283.0424857293651, 1281.9021702399093, 1299.9551269585038, 1263.7368914471429, 1233.6388253464506, 1220.125219423603, 1203.678224202099, 1196.8322443662396, 1234.4320486820254]}, "keymask": {"shape": [4343, 1], "dtype": "uint16"}}