{"wall_distances": {"shape": [59, 24], "dtype": "float64", "mean": [214.88142664179884, 202.45005236720536, 194.8306369052441, 196.9071031975831, 209.70638033731916, 228.8239736121181, 257.0550845352885, 299.5748403711396, 367.1816250333464, 485.89214163959855, 597.4809957463426, 487.65546700920254, 484.72696357590627, 439.3537661331081, 292.002053380424, 221.77179823411697, 181.49811074601448, 156.0673919702664, 139.16454963311233, 127.69963810044219, 119.65001533230227, 113.92522229101826, 110.69298706861473, 110.57735692044533], "std": [0.2797548185432545, 0.26357073376600065, 0.25365122549530095, 0.2563545191158788, 0.27301755687161383, 0.2979062840295796, 0.33465974747887756, 0.3900153951365989, 0.47803153175984975, 0.6325790274277129, 0.7778550911585423, 0.6348746766792563, 0.6310620980159102, 0.5719913650729811, 0.38015652257380145, 0.2887252241635693, 0.23629400030641828, 0.20318660887205442, 0.18118148908746926, 0.16625586554856758, 0.15577649225040158, 0.14832371990130588, 0.14411587489731886, 0.14396534341560807]}, "keymask": {"shape": [59, 1], "dtype": "uint16"}}
