{"wall_distances": {"shape": [2796, 20], "dtype": "float32", "mean": [590.7808047241895, 622.370794376655, 683.5182526360312, 778.1279228246518, 924.4236959841965, 1053.207007690301, 1132.2220723147768, 1063.4456098416163, 997.4143695461285, 901.6530760561858, 797.7462362002398, 737.3558768430099, 660.4920088608347, 674.0738827013092, 491.1030087369082, 458.38943864292463, 463.16033366961886, 601.0514801251825, 702.1230220702796, 755.9841916111947], "std": [268.7229692413663, 234.65165539396548, 236.66570258717846, 306.4331278093296, 475.4772410413377, 592.7750907053446, 682.9735684456755, 703.7127730881134, 721.818877424521, 724.7971691592577, 678.2341073052236, 661.1354747866403, 586.8353515312883, 631.093766417108, 364.2986391427751, 272.84310662537433, 252.05649726167664, 484.3567851901612, 549.5477100884298, 576.7962078916057]}, "keymask": {"shape": [2796, 1], "dtype": "uint16"}}