{"wall_distances": {"shape": [4313, 20], "dtype": "float32", "mean": [1799.2609871846857, 1716.1221176129218, 1649.7629666238465, 1630.7689702339935, 1572.4197406357162, 1540.005765089868, 1538.5635213643893, 1540.2762158799462, 1562.4319732853357, 1603.0135689356302, 1662.1617456608428, 1669.698852069274, 1723.0482193427645, 1950.5565453613451, 2167.9688844660855, 2321.1096410908362, 2381.0031457984733, 2507.491168554486, 2641.1218931352264, 2717.7822707857154], "std": [1372.2920454549937, 1393.9217626589207, 1371.877751153346, 1398.812181878058, 1396.637607794376, 1396.2621429192047, 1390.3383029691743, 1390.19003354716, 1387.005374975212, 1363.399801181432, 1332.794074921069, 1308.6609458110242, 1287.5721964218587, 1226.6759226381039, 1098.3703570461616, 1011.7895593182011, 1022.8748816414748, 976.8530658502635, 883.9692659751892, 811.003719382739]}, "keymask": {"shape": [4313, 1], "dtype": "uint16"}}