{"wall_distances": {"shape": [5734, 20], "dtype": "float32", "mean": [1052.0999034902761, 1000.3149439496668, 966.5313562781099, 1008.717537841082, 1089.4073805367207, 1105.4363199389031, 1048.8032259773129, 1071.3533328101664, 1101.3227375131548, 1165.2618626338178, 1121.7878880405979, 1066.0593127428608, 1027.9391821957988, 1046.0555951498236, 1171.8626584411786, 1177.9119171610562, 1111.029061741916, 1115.6069230120413, 1102.8538683044392, 1139.3224558291995], "std": [1063.8287035148355, 1036.5735805456827, 1006.2466083496977, 1024.7416663007057, 1078.9120643531048, 1094.8787079932818, 1084.5906676567704, 1103.8545689013217, 1106.370186155652, 1135.3079990984124, 1096.648031489434, 1064.3409891465308, 1046.6866305351823, 1063.3989198609509, 1128.1488743240845, 1130.1256499666724, 1110.503994592747, 1119.823571014993, 1110.8792423888704, 1124.0176256023697]}, "keymask": {"shape": [5734, 1], "dtype": "uint16"}}