{"wall_distances": {"shape": [109, 24], "dtype": "float64", "mean": [193.4998224772271, 195.24263469180693, 200.78858029779053, 210.69673460826348, 226.06657216984675, 248.8560062378341, 282.60840537233815, 334.15558276330853, 418.231732656164, 573.1099726970473, 937.8201720061792, 1432.8694723197584, 1299.3938850057218, 929.7469029925884, 561.5387662749498, 407.68688414745026, 324.7542987230462, 274.101338537834, 240.99796487776158, 218.6680881427778, 203.5921775450672, 193.8410376302941, 188.33037160419354, 186.49982889923947], "std": [0.18534169114111035, 0.18701098039802924, 0.19232296512574024, 0.20181314360063432, 0.21653462348248997, 0.23836274845906819, 0.2706914537006767, 0.32006443372363913, 0.4005944919393738, 0.5489406318093759, 0.8982693222238104, 1.3724403781120922, 1.244593986480285, 0.8905365373891908, 0.5378574433659031, 0.39049438848173484, 0.31105967824442143, 0.26254321407040293, 0.23083617264259115, 0.20944823268607754, 0.19500829141775997, 0.18566851162701364, 0.18039032314933964, 0.17863700618937026]}, "keymask": {"shape": [109, 1], "dtype": "uint16"}}