{"wall_distances": {"shape": [2846, 20], "dtype": "float32", "mean": [571.3553370853247, 489.17776442042987, 360.9504472730544, 270.720967582256, 290.93390071563636, 417.9186955758408, 638.2576767729213, 839.4004705106335, 1074.0119582481425, 1392.4193698089043, 1457.6018677104162, 1632.9400991501545, 1841.822213900381, 2248.756379460854, 2554.770619323662, 2603.2079275114706, 2589.9015801447713, 2583.0814206921186, 2575.037687242567, 2693.6269048075374], "std": [912.0508387187974, 817.7855258312563, 572.971076534905, 325.7610143856075, 389.5182977051103, 656.5295458388991, 942.3285617103317, 1081.3642347824218, 1205.9903015983934, 1345.1602347064197, 1333.4467308602373, 1333.1806112298343, 1322.080709522593, 1192.622770532657, 971.2104247214801, 926.3804572880518, 948.2945862522015, 963.6951716588007, 979.8479760870769, 858.0094385562037]}, "keymask": {"shape": [2846, 1], "dtype": "uint16"}}