{"wall_distances": {"shape": [7744, 20], "dtype": "float32", "mean": [1028.6175011636126, 949.4535995531305, 926.3063735927085, 940.0558791951046, 1001.8275219998245, 1063.4909829923542, 974.7785283763723, 939.6474181542706, 958.3206856349814, 980.2839939327372, 945.234904190516, 805.4202409052505, 779.8786556251137, 782.5461558905065, 773.5479670892447, 751.7784104195871, 711.36188810033, 699.1093319036355, 716.1490441784662, 809.3428800794164], "std": [1225.4561821246366, 1176.6740744858303, 1148.0365640894584, 1139.8089952051446, 1150.5473411513972, 1165.836417824668, 1131.4076812851297, 1112.3771882466178, 1119.7728824101064, 1130.438618193108, 1121.5907032528335, 1047.1507993752562, 1034.25919131544, 1043.5055771033637, 1048.6759507560705, 1049.6965782350676, 1022.195777666914, 997.2416344537717, 1001.1867477139011, 1058.6395006827588]}, "keymask": {"shape": [7744, 1], "dtype": "uint16"}}