{"wall_distances": {"shape": [5123, 20], "dtype": "float32", "mean": [565.5316084132064, 562.7172968806573, 547.0086817913561, 526.6976727962302, 530.7135367879639, 541.3141852776863, 611.5985052664695, 620.0630342478089, 652.9320740730691, 700.9304903093149, 697.1552750425288, 705.6850177876514, 730.1874713607863, 765.0901661787555, 802.3958232861568, 769.8795397908114, 717.526921028572, 690.9229684601983, 684.6201230402954, 690.3981941584456], "std": [418.167408698266, 428.7966070350072, 433.3567943390032, 423.46047074465616, 445.8938787722676, 501.71197487523744, 594.9559170441014, 613.3083268209552, 642.2412965036677, 676.3984724600447, 638.1149208502543, 600.610827626573, 591.7114823818108, 587.5165934237965, 541.4452915120186, 450.7351158468667, 370.0744090936841, 331.90816834201837, 352.4395191731443, 389.79503903348365]}, "keymask": {"shape": [5123, 1], "dtype": "uint16"}}