{"wall_distances": {"shape": [3910, 24], "dtype": "float64", "mean": [243.98539882845992, 241.37166263543713, 266.60976139253165, 307.4460968061518, 351.2967101638218, 386.25022380064433, 397.04646766627684, 381.09805246376607, 362.2901396611362, 383.7361907002243, 411.4860173769204, 466.6077320572233, 492.98346222441467, 448.329592610556, 452.114790013728, 452.2058085647887, 429.5794453684065, 401.98214379951065, 356.6342114199176, 309.99194030269445, 280.9922640233119, 263.7491552820764, 241.70711063421123, 239.1962136033421], "std": [291.7719430044917, 267.7871593028526, 314.9787176466981, 408.08584476879014, 454.2906624093679, 480.8130888170564, 498.4805976166326, 497.0880215942069, 489.361919480523, 542.351592734144, 599.7185569722133, 676.9351624057552, 735.22650955432, 736.1045695870031, 752.9749031889096, 735.5556522958344, 677.1134908246694, 652.9830643889841, 596.940478772248, 525.4253300733897, 487.2198279160302, 476.5525415219181, 426.8480161832486, 386.5601379261294]}, "keymask": {"shape": [3910, 1], "dtype": "uint16"}}
