{"wall_distances": {"shape": [5043, 20], "dtype": "float32", "mean": [488.26048030739423, 511.1371157454216, 532.405777945247, 593.9138171996896, 671.8254589891685, 775.3478000683408, 829.3854098713616, 811.9750678554374, 783.4791508668849, 724.2045150168414, 697.9974919907976, 664.220033489894, 575.3238702541677, 499.19491769256706, 427.7129943226703, 392.07651946570655, 393.6489172227507, 392.3901087272674, 452.503353337429, 524.0670796691782], "std": [285.1167849957469, 295.61064795631347, 281.10447451381333, 331.8190011669179, 385.4726759065203, 476.05606563539175, 553.8016932336069, 570.7451013952252, 579.362540839289, 593.3024466375442, 616.1919435218881, 602.2566556121702, 574.9239907551071, 513.7187871346014, 413.97285457428524, 367.4746876950928, 387.39907037517065, 355.5547259944372, 425.43016301908773, 504.8947556617346]}, "keymask": {"shape": [5043, 1], "dtype": "uint16"}}