{"wall_distances": {"shape": [41211, 20], "dtype": "float32", "mean": [425.96280996436167, 421.92922703596383, 419.1369575059861, 450.77969781810003, 513.5958494557129, 612.5943780730698, 716.2110888526521, 755.3523152135987, 838.0539814578732, 936.5367694193209, 1010.6582257655896, 937.9686944842588, 742.4514315330545, 591.6285855255717, 468.9358295373843, 426.0106012948915, 407.5065680119657, 385.16829002531523, 441.3876499374305, 542.349653103235], "std": [335.95800452397344, 292.14876486347407, 238.56629304437794, 259.7194907824016, 314.8254506201079, 394.1024414044749, 477.2356789627534, 439.7957337044669, 461.9604678792114, 557.3032027295592, 652.9634651839833, 626.2616317786454, 555.88061111527, 483.51005092186534, 328.9148286117158, 316.13252446249794, 333.46652693447, 272.42841882143284, 375.94874524519815, 534.1896695954885]}, "keymask": {"shape": [41211, 1], "dtype": "uint16"}}