{"wall_distances": {"shape": [3910, 20], "dtype": "float32", "mean": [527.6969844678985, 550.8023866395363, 570.2036642171688, 634.6205423494641, 714.7595087710022, 812.0561979254143, 845.5278742304802, 818.6329213028038, 760.9160231454091, 674.2757800795063, 633.4513394635804, 614.5417500253533, 533.5588881178683, 478.4413302191798, 417.72673292749676, 383.3800820862084, 391.67083429359434, 400.93670272576776, 463.067374688431, 522.79623549694], "std": [298.22209869374996, 303.88347783320006, 283.9946755037709, 336.97264782515833, 393.597504675276, 487.0741951215516, 567.7845482200266, 608.4215941034711, 606.8860474634608, 599.9144371263393, 608.0802980689108, 600.0947628274714, 565.9819951576626, 524.7382694780044, 435.04250596241565, 375.4302689735894, 394.3407025139587, 379.34903411933806, 444.70254547281905, 489.18841318250475]}, "keymask": {"shape": [3910, 1], "dtype": "uint16"}}