{"wall_distances": {"shape": [6335, 20], "dtype": "float32", "mean": [2064.730935826, 1892.9737360059862, 2016.741076379151, 2060.2655752402516, 2062.125607753467, 2081.6101720881284, 2055.946600418775, 1961.2525922085429, 1960.4001825338892, 1791.929292340509, 1763.6384152242476, 1824.1664687589937, 1958.5456305842017, 2027.2737714814796, 2064.195203003574, 2044.2117716925236, 2003.3754841561195, 1903.0270507027676, 1693.0475404025944, 1789.3558097243117], "std": [1182.2720003659572, 1227.8396096844265, 1184.3308319026635, 1162.809861532194, 1150.4341373411728, 1134.206860988835, 1137.6256955219035, 1160.7857869776967, 1160.3071715518024, 1135.6440749592834, 1133.192054385823, 1124.237480510141, 1139.0378835650245, 1139.816400817429, 1136.8852744944343, 1152.0371405524058, 1184.8901574108818, 1220.6358113853541, 1267.1112786110111, 1254.8390252352224]}, "keymask": {"shape": [6335, 1], "dtype": "uint16"}}