{"wall_distances": {"shape": [6183, 20], "dtype": "float32", "mean": [1979.617909267186, 1965.1813935155044, 1984.9868720128934, 1968.2193574276441, 1958.0531322376914, 2007.0930240767916, 2010.5645916363646, 2012.9887706584198, 2009.4341320858905, 1997.2527833738225, 1967.8191795878365, 1884.0923760066673, 1884.6807924374157, 1874.6672028609785, 1917.4552932726033, 1884.2394909247366, 1833.3804168439192, 1861.2539155617653, 1830.5316795595388, 1825.8173684383146], "std": [1263.3883978940496, 1271.4342512149017, 1266.5535375523418, 1269.3854650296503, 1286.349095198105, 1278.7320117397226, 1287.9822186580523, 1291.3831266827463, 1286.6901534252556, 1281.5518632349945, 1281.275594635427, 1278.5513789965783, 1291.8756055296442, 1283.495964730211, 1278.54384179266, 1230.6079257615906, 1211.0814954633458, 1229.2237680144742, 1227.999791264202, 1224.658288158711]}, "keymask": {"shape": [6183, 1], "dtype": "uint16"}}