{"wall_distances": {"shape": [5424, 20], "dtype": "float32", "mean": [1413.1317578586543, 1255.7000226946832, 1074.5703871842932, 960.4631029005488, 864.6880920305853, 838.8633960745346, 829.9114443338863, 865.4734696296672, 971.3672351791042, 1169.2031605296688, 1248.5803797207889, 1208.0930571074798, 1332.932175595841, 1393.2171813004486, 1568.1313823900205, 1733.8597857610391, 1733.2906432590162, 1657.7822839522696, 1642.9999368304939, 1623.6053886523719], "std": [1350.4410668802304, 1335.0559456147842, 1286.254206610901, 1218.962080444703, 1150.5531665170324, 1118.1841979228059, 1105.3796274283427, 1120.3425111536385, 1182.3242196628637, 1280.747071495457, 1310.69722008052, 1290.7762788587713, 1325.8572597447037, 1318.2193153941923, 1329.578495298589, 1340.0033425754714, 1342.9203216335845, 1370.1197900443462, 1388.099664278781, 1396.2896184204203]}, "keymask": {"shape": [5424, 1], "dtype": "uint16"}}