{"wall_distances": {"shape": [2483, 20], "dtype": "float32", "mean": [577.858287287072, 626.750448512092, 691.7342638646418, 783.6220611879808, 899.4398278045118, 965.0771132204276, 886.3304701644628, 865.9884904816602, 880.5210121397832, 854.288283827564, 768.3823202582075, 703.9570284326682, 671.52323052874, 715.1488122138145, 509.41057834073405, 466.26698799469864, 437.9311339791216, 451.9725401534002, 543.0808799311343, 675.0281273216078], "std": [215.37800863082643, 244.19028828988505, 281.92551619419936, 370.0351991671008, 566.6364102524119, 689.9504049450072, 695.5103034240539, 708.0384538819332, 721.5071131021589, 741.5378866277582, 696.2890026669997, 629.2529061334253, 595.053827564471, 667.2188931641452, 458.4507379908394, 395.6842759785249, 345.9353923043912, 380.55317838242297, 494.2124948062296, 615.7458099274467]}, "keymask": {"shape": [2483, 1], "dtype": "uint16"}}