{"wall_distances": {"shape": [5747, 20], "dtype": "float32", "mean": [2036.984754371318, 1919.7832665218828, 2042.949857088376, 2067.4768853900796, 2110.953011754961, 2137.423522688173, 2057.9925602401077, 1945.4856925087906, 1974.9635438758173, 1807.8077863062365, 1743.7490013642064, 1787.15286211629, 1958.1230125017178, 2084.350676301417, 2155.7476961519124, 2152.5734168067056, 2116.235665508134, 2065.2239226623788, 1844.5838535988757, 1944.7069310640313], "std": [1193.0458403292587, 1223.998941465038, 1175.4557741090348, 1164.534003773381, 1134.2803737361385, 1119.529888395165, 1149.6029988711734, 1165.2613836329958, 1130.762376977723, 1102.7217482676222, 1084.5385764128773, 1103.7295086783254, 1143.5553789018857, 1125.9848356994178, 1125.3655035430854, 1143.792452979179, 1156.9313502672421, 1180.5580237496645, 1247.4953828427974, 1216.6660460955109]}, "keymask": {"shape": [5747, 1], "dtype": "uint16"}}