{"wall_distances": {"shape": [3089, 20], "dtype": "float32", "mean": [728.1769812630533, 768.863576985844, 786.7894309525354, 789.0393879738459, 783.3204100471296, 812.8095940460655, 904.9465561422412, 971.2459949041507, 1008.3852974394518, 1030.9191604378875, 997.659618730459, 853.8489599681967, 788.3687620428976, 872.7845352146705, 1090.3455603922046, 1356.4826210563353, 1366.9944048864777, 1230.5599403988742, 1114.4228345477645, 982.8377266412675], "std": [816.9145612416339, 869.6505236596632, 853.5123521075163, 830.5563969614934, 809.0744283673482, 836.2247669930425, 920.7418231730813, 944.5235433293311, 896.0055286958224, 896.6907229509708, 905.2311342221851, 883.527021341708, 896.1647410469194, 990.5302103183606, 1143.1738046471496, 1241.772958008299, 1278.939379966755, 1261.4675892437876, 1230.12065358021, 1168.7140310639504]}, "keymask": {"shape": [3089, 1], "dtype": "uint16"}}