{"wall_distances": {"shape": [6464, 24], "dtype": "float64", "mean": [1142.072709015989, 1117.3179320109598, 1075.5343695322663, 1059.570714894142, 1082.6000211932187, 1073.9648135626867, 998.0828785730154, 913.3336216970555, 779.3620091202381, 785.6629339232856, 767.3283385778097, 723.2437423020694, 701.8477448413698, 688.9613327107057, 697.6903120403758, 697.8762373960693, 838.0050575291929, 842.3109954585685, 830.6024213224654, 824.3031298508396, 792.7694431068954, 767.4682795604166, 797.7956421366325, 840.5047280407827], "std": [1296.9221708075675, 1256.64877671207, 1203.351170143151, 1163.7733356913914, 1142.5178741371114, 1114.0626885242934, 1080.9942350606811, 1023.7206812107163, 938.8368143154688, 964.703751117683, 980.9082167784768, 971.7815591694582, 956.5895409275195, 959.7871147479408, 995.0260711378698, 1021.3073655588515, 1136.9853608601468, 1139.9508683474987, 1111.72478943857, 1078.1052502689195, 1032.984975630866, 995.5073078036455, 1013.7484979897733, 1026.279372513882]}, "keymask": {"shape": [6464, 1], "dtype": "uint16"}}