{"wall_distances": {"shape": [6464, 20], "dtype": "float32", "mean": [914.4968677515394, 945.6807028629781, 1010.6053133877429, 1124.1944938331808, 1245.9397204249788, 1192.6459721804135, 1083.5168822079072, 1099.6726826481668, 1016.427124531608, 947.0239836076917, 971.670386305689, 921.4732224805182, 841.874570864379, 707.1575853865043, 684.1402390529449, 692.4401960633143, 734.5871761939821, 714.4555976612743, 717.5649749937795, 694.5416504798327], "std": [1193.1830781142196, 1202.1574203468706, 1215.8266288024556, 1245.8568020135926, 1268.62423694736, 1244.164351760704, 1217.417720502108, 1243.0091197416946, 1216.0723956721358, 1182.8251385438816, 1227.5520715399646, 1222.2189010889635, 1185.093340591438, 1094.5722712077072, 1064.3527882936903, 1050.8176544715948, 1090.0225466419859, 1066.8507420273002, 1053.2192886686112, 1003.9550218554407]}, "keymask": {"shape": [6464, 1], "dtype": "uint16"}}