{"wall_distances": {"shape": [6419, 20], "dtype": "float32", "mean": [1163.3990338294388, 1052.5225675370161, 988.2901534918662, 943.0838494118088, 969.4244958712155, 955.3026682650101, 899.4591336245674, 864.1955317122002, 833.8754861268018, 852.8783878178774, 850.6816550839688, 834.0633862395782, 849.58578269974, 912.0742398742186, 988.2569833096358, 1115.9881288806796, 1143.8949064240342, 1106.4347526329127, 1002.1861331381023, 950.4642413960811], "std": [1242.8901829322695, 1190.66153282134, 1146.0484137498343, 1093.6530052551611, 1070.6084624554194, 1069.3376391509591, 1028.2895487425144, 984.6942755220399, 953.1505994693339, 979.3643387045848, 1021.3034672381648, 1051.5280896701124, 1085.5816748453094, 1136.180970196401, 1168.4322647137033, 1191.736704950237, 1208.2447677210055, 1219.9036219763964, 1178.7815835842555, 1155.158120240066]}, "keymask": {"shape": [6419, 1], "dtype": "uint16"}}