{"wall_distances": {"shape": [3577, 20], "dtype": "float32", "mean": [505.174787979559, 536.8363794835545, 554.3513569819985, 582.5397788281296, 633.5855106825518, 710.5138408161844, 833.5500396107687, 868.5100704579469, 795.2789892647611, 731.8777340365749, 674.0081992550914, 689.3649918934644, 565.4055736985188, 494.40551034113855, 433.6567864522779, 388.5143511090204, 379.8685610389379, 410.1596094055343, 498.05550837472697, 554.9581967313069], "std": [295.7240496458921, 340.2642029544124, 310.714849908644, 311.1344061394342, 355.7910007121222, 476.09103662712454, 615.9488892542589, 660.437677225941, 625.8847037056707, 630.0558694619574, 622.9877548588076, 671.599028997518, 561.0848509948686, 509.2474506952055, 440.1558354795521, 336.08193547194065, 310.1478915630037, 353.2917730465111, 483.7626049159099, 500.4511167830608]}, "keymask": {"shape": [3577, 1], "dtype": "uint16"}}