{"wall_distances": {"shape": [6099, 20], "dtype": "float32", "mean": [1517.4002870760528, 1372.5846692332552, 1350.5681590159325, 1526.1886337280746, 1622.0036019440208, 1425.3072197562321, 1189.0054262149592, 1102.4176150736655, 1023.3549774881787, 848.3332398696248, 799.7091597576353, 659.5455463654055, 625.0731967059345, 653.434918540349, 643.0639305386633, 583.3603643246337, 514.2014009723199, 463.355914058302, 451.95966395740714, 530.579028868523], "std": [1268.4646189983978, 1262.1753581681119, 1252.5665363702708, 1245.7304772057737, 1222.8618606526031, 1249.8289405603082, 1241.6931836603646, 1240.5158979114979, 1208.9495785525407, 1069.0828080573367, 1045.4646776130826, 948.8885545446316, 945.4528651717502, 990.6817220550784, 991.4203362100139, 932.3642494386913, 855.5818149833793, 799.2903043662751, 782.5587133815729, 854.5786804092946]}, "keymask": {"shape": [6099, 1], "dtype": "uint16"}}