{"wall_distances": {"shape": [6759, 20], "dtype": "float32", "mean": [1145.2208981835925, 1158.8413005898965, 1039.972130402005, 1164.750488913126, 1197.475678556183, 1226.608000159709, 1130.298938573104, 1134.3689686350508, 1152.2813994823412, 1174.6211429863636, 1163.6491346236705, 1051.3728381601336, 1044.9679205324821, 1070.341183277698, 1275.3512996841946, 1287.3234609326398, 1311.3311291331277, 1187.901965846524, 1279.2101839414747, 1272.3055520722871], "std": [1206.9202536100593, 1216.7000416314372, 1178.701788281346, 1241.63468956226, 1255.7060522360343, 1263.3297030758936, 1202.3958094122581, 1187.518432716499, 1161.5669221814578, 1126.9641628569057, 1139.6213612430897, 1119.4431031634483, 1108.6222290457274, 1124.4236015142112, 1203.1936655114507, 1217.643194024912, 1254.7726136979475, 1236.458638164293, 1276.2742642229302, 1289.5609065257668]}, "keymask": {"shape": [6759, 1], "dtype": "uint16"}}