{"wall_distances": {"shape": [53, 24], "dtype": "float64", "mean": [199.4996235856159, 201.29337558977275, 207.01765994215788, 217.2261469280741, 233.07200747480965, 256.58229318052673, 291.3711742580433, 344.4985068324968, 1816.1802691963042, 1711.4868296987547, 1369.4193223775826, 922.363453670302, 921.9121443351728, 1367.7130934685651, 2711.5905463534514, 2999.994339633322, 349.13229906616857, 294.67041638980817, 259.0887137718733, 235.07841719719346, 218.8823162255851, 208.39851563240381, 2999.994339633322, 2999.994339633322], "std": [0.27403725063173984, 0.27650112782341396, 0.2843639427492957, 0.2983862221366812, 0.3201519705957196, 0.35244556162509455, 0.40023144527396126, 0.4732070854027286, 2.4947158382499652, 2.3509083624711145, 1.881042605567651, 1.2669643862284248, 1.2663444655450522, 1.8786989205416262, 3.7246563197340694, 4.120809372283346, 0.47957206208724007, 0.4047632764810231, 0.35588836918993755, 0.32290796115527204, 0.30066112170119896, 0.2862606719305947, 4.120809372283346, 4.120809372283346]}, "keymask": {"shape": [53, 1], "dtype": "uint16"}}