{"wall_distances": {"shape": [7232, 20], "dtype": "float32", "mean": [941.6239208626631, 937.728054756954, 982.5062683104703, 1024.5727622519564, 1064.9260369243812, 1008.214303205887, 1000.2024083314951, 957.7209067453707, 915.3203945755556, 899.7684988235658, 880.8109182572712, 787.3929534051202, 744.9339544969621, 744.0219464142043, 734.9943816035129, 759.5079650847009, 729.2216433371806, 697.3694528727649, 692.2402032501466, 751.4755554042391], "std": [1179.4813305951775, 1164.9055085318084, 1171.9484832796434, 1166.1877096227895, 1163.2352091418725, 1155.2406626858628, 1173.5336149637826, 1159.7753594080511, 1136.970546453468, 1123.02898964003, 1120.7475451165515, 1075.447545103797, 1053.5001609661106, 1065.803122267612, 1050.2307980298413, 1072.502783508076, 1055.9977667528306, 1020.0498035593504, 1005.0355542824302, 1042.8095054096673]}, "keymask": {"shape": [7232, 1], "dtype": "uint16"}}