{"wall_distances": {"shape": [7232, 24], "dtype": "float64", "mean": [1129.1384010488066, 1145.4898315714768, 1164.999041024509, 1167.051614952223, 1156.254544093843, 1137.8187686845793, 1030.11735589859, 974.8613132655335, 960.2556264177508, 949.8239251910067, 907.8264603106278, 787.4176842474169, 752.2140656082302, 789.2696040027305, 701.5698679239392, 679.3840656434417, 758.150325660026, 758.4958088335884, 797.539087896303, 790.0286113904099, 803.5973344571726, 766.6965322194317, 694.1634166175185, 732.182204604521], "std": [1277.0860436480089, 1276.1665944756755, 1269.9380459558804, 1249.106020985945, 1213.0064490937675, 1192.510981960882, 1151.1300462315805, 1127.0571974838658, 1138.4622456587424, 1149.2249019269686, 1126.6405673666434, 1013.2627783221185, 999.0430283541232, 1046.1160665581547, 912.0911685536371, 884.6276250061512, 1015.5439578660179, 982.9069345780988, 1026.783178298067, 1021.4155283010693, 1035.2646104521925, 982.0867721708933, 864.2159128998355, 872.3015737066872]}, "keymask": {"shape": [7232, 1], "dtype": "uint16"}}
