{"wall_distances": {"shape": [3046, 20], "dtype": "float32", "mean": [766.7011414749269, 759.7393859751828, 794.9220280031707, 864.85714616752, 885.3294002106467, 873.0021793430097, 853.0382928668104, 883.0130948652063, 945.4855294732546, 925.1762395185647, 902.145588951148, 775.1100119197786, 736.7470933145222, 848.0414739407965, 1119.3348605615913, 1384.2345125967722, 1417.9868745069796, 1261.8969759718452, 1135.1583138083681, 1028.9366784003141], "std": [850.7519979580699, 876.3555741024494, 873.5393640102286, 897.7506808669507, 898.3522507642933, 875.6574825504603, 844.0117569405097, 891.5530545984421, 865.2196176452492, 832.0611574242912, 813.8719322718034, 791.2036049839866, 839.7343646244118, 997.4351463445582, 1194.190876068433, 1263.0399689003157, 1295.8645923369452, 1265.5257182447062, 1228.5648795272189, 1184.0738276766247]}, "keymask": {"shape": [3046, 1], "dtype": "uint16"}}