{"wall_distances": {"shape": [3046, 24], "dtype": "float64", "mean": [689.7358104567907, 688.362284763475, 700.0760771066064, 683.6850037322173, 688.391019647036, 688.9349839997421, 602.9966347580247, 651.5046798029098, 664.0338387618192, 688.1209649905096, 683.7195676985423, 735.3074732660056, 682.1283807019818, 584.9358987284286, 519.7068929951806, 487.4539565132889, 456.70826125708817, 478.84936823442985, 525.8215786847904, 495.542648004949, 443.6948096044651, 401.42640815160973, 373.09781238314775, 354.16399217844355], "std": [847.4007768369923, 862.0829473959691, 892.1206720143437, 863.272944065199, 833.9717887989478, 811.7764128820231, 752.111073592721, 780.7204378590783, 772.2812481143173, 763.1508555202539, 762.6505984480141, 791.7664489957652, 725.707509961627, 650.5306974198393, 600.95607278398, 571.301182545468, 508.4856240328532, 476.0266814304314, 426.6456813686314, 355.23882911703146, 285.6370616422977, 242.26487246379278, 212.94059490119153, 192.52638540241287]}, "keymask": {"shape": [3046, 1], "dtype": "uint16"}}
