{"wall_distances": {"shape": [6636, 20], "dtype": "float32", "mean": [1139.2470518074388, 1055.417870619186, 1018.4630373686049, 1017.3990405633382, 995.455938149014, 982.0589360868404, 942.9983313741077, 917.9662586153484, 933.8007426485211, 933.6171676892859, 948.3818102229226, 934.0079812346981, 914.932881121226, 968.3727081494186, 1084.872834113917, 1182.5151169965907, 1170.8241511188398, 1106.6343915118969, 1006.606114962245, 935.2420365258897], "std": [1221.0703010923073, 1180.9300722006965, 1149.906840977908, 1118.9563091777993, 1075.7838840552122, 1062.149596243032, 1049.529753790795, 1012.4175764547992, 1019.0155697916464, 1016.3996619785825, 1063.4916759876671, 1100.6092404945734, 1104.0433935813405, 1146.2768100815047, 1195.1054033462697, 1229.7168101963514, 1245.6062725715876, 1239.1467949045482, 1191.9309774669298, 1155.6594722570574]}, "keymask": {"shape": [6636, 1], "dtype": "uint16"}}