{"wall_distances": {"shape": [7031, 20], "dtype": "float32", "mean": [1139.2207846050746, 1123.4390128216726, 990.8058293798167, 1160.9641155970244, 1270.2548268363532, 1274.2021820114321, 1167.5704618840734, 1193.3893184939402, 1162.2351100359633, 1241.2277938630473, 1206.487674525437, 1150.325117593825, 1114.5826160289153, 1127.6684631358448, 1303.0230753626033, 1284.8224403288673, 1285.838979189379, 1191.3707200869947, 1294.8753699487982, 1262.9809645466266], "std": [1198.1316583289436, 1192.9701800566147, 1136.964425742688, 1223.0135958446083, 1274.3827140083665, 1268.7915646452973, 1225.8915141337359, 1227.1348944312601, 1183.147212385786, 1185.018891148783, 1159.5428407983534, 1156.6254327887466, 1140.6037900129327, 1150.5173681349395, 1219.112783799829, 1224.4384762353498, 1255.2617058283756, 1247.5608263200081, 1290.7717583984738, 1289.94516988165]}, "keymask": {"shape": [7031, 1], "dtype": "uint16"}}