{"wall_distances": {"shape": [4532, 20], "dtype": "float32", "mean": [567.2950401021661, 589.1409895174057, 630.7301408619879, 798.7752091230907, 1045.4582239661413, 1146.4337606580923, 917.0382142219682, 693.503647214604, 633.143057021886, 623.8329540682308, 605.1240772382691, 590.0659097987811, 314.15690365920636, 289.7025944749931, 283.75392101474773, 274.73567805935727, 270.79748159574916, 261.19886083579974, 282.6951577154738, 395.87720538222436], "std": [840.7877202433326, 833.4668976693586, 834.1525253239827, 962.2743439086291, 1089.441010894326, 1139.6781809326917, 1049.3243558037718, 895.198867086155, 856.341284081477, 855.2277860146646, 855.285929528879, 952.8325561670141, 524.2771265308246, 535.3431447740809, 545.1466783423343, 537.1962793141913, 549.2116002322903, 522.1728743573764, 544.0108696641613, 691.4625769553024]}, "keymask": {"shape": [4532, 1], "dtype": "uint16"}}