{"wall_distances": {"shape": [41217, 20], "dtype": "float32", "mean": [563.3769654220805, 573.119905424182, 603.2341537744511, 663.7173967098373, 735.7276175015417, 775.8710730366902, 877.7175452671208, 1002.7812390512174, 1128.184785095907, 1220.1003900001135, 1257.6941932135098, 1046.5901627504197, 822.3326098299092, 648.1550186639091, 535.8483582030751, 493.65806916718384, 443.6137317576235, 482.10786468140327, 589.8482844219435, 686.9494243954732], "std": [319.7328902121375, 290.2921311042757, 309.6882236480061, 402.686732121922, 476.24812186691713, 405.29445178841604, 456.35780518127143, 500.7300671564183, 482.2996616914, 571.8150169814936, 676.9441069750645, 625.0202276966654, 583.9032901754646, 512.6946660640521, 431.818457884174, 399.2449569712751, 279.26839306565654, 370.75264410935796, 511.59966998930634, 632.3579869727199]}, "keymask": {"shape": [41217, 1], "dtype": "uint16"}}