{"wall_distances": {"shape": [5049, 20], "dtype": "float32", "mean": [502.8685085938096, 528.3131871566939, 573.9857518717286, 643.4122376719324, 748.721227315874, 863.6509266257847, 984.876645901754, 1083.819166723553, 1119.1678482494576, 1139.3867945299198, 1032.0081528523897, 871.132584649305, 758.068140320938, 706.5189666831366, 573.1424647179684, 537.2887735828042, 560.1661239676781, 645.4261038850964, 742.4403246993639, 785.8754294497976], "std": [242.24032354979812, 228.58712360033613, 252.25688182864494, 311.96174370678574, 405.2008904568866, 475.1208636044921, 547.6986026148237, 599.2783161053042, 615.5041671458714, 692.0069296646666, 699.0777701560917, 652.6767314590455, 615.1042515693475, 612.4880034347229, 474.9498748454033, 418.2518630761622, 437.09062578511254, 545.1088268839411, 599.4086128456364, 618.613831313218]}, "keymask": {"shape": [5049, 1], "dtype": "uint16"}}