{"wall_distances": {"shape": [3254, 24], "dtype": "float64", "mean": [694.530111320145, 713.5370542893569, 729.1280904032272, 750.8316777235312, 773.1491019089153, 801.092102063258, 811.7575562279989, 780.3836000236902, 741.8915568237669, 684.9633229417434, 610.7852534511688, 532.3447914108698, 469.7333106957099, 428.985299051774, 400.01387171062794, 329.02557724193514, 311.75613522281407, 305.2503411315189, 285.809311403643, 275.9452199196233, 275.321606478928, 290.77147400330216, 312.16464246766685, 359.47476309242575], "std": [1068.3465602578042, 1061.20387530353, 1043.2206929154127, 1020.2393784838268, 987.9519340709336, 963.6463097171827, 948.9676887706236, 923.1426498376578, 898.892060381335, 859.0218495558651, 821.8850462805974, 751.5977846951085, 673.2328732396236, 601.0346050087486, 531.717615384527, 427.06608307977274, 400.6186689429243, 410.0179537475441, 383.5320007088734, 368.2081115692755, 363.35870728527766, 363.684107508095, 405.25799155658217, 444.2781006574186]}, "keymask": {"shape": [3254, 1], "dtype": "uint16"}}
