{"wall_distances": {"shape": [3254, 20], "dtype": "float32", "mean": [485.042024464615, 523.0972811920118, 578.3266631497597, 658.3247377157786, 777.3295012484903, 916.710038376789, 1053.6734223117633, 1139.0662069081118, 1111.9263878074016, 1062.6886915785462, 920.1435503651796, 786.4883340012383, 741.7777433914041, 761.0572326736848, 603.5740426885556, 574.8350831590913, 621.6549247534072, 738.7837164927824, 842.9879694431359, 877.8924558068321], "std": [210.8531736940808, 218.68926809275987, 248.01246545250703, 309.7164749935438, 396.48542969662753, 488.5971650581107, 586.838920530218, 654.963732146302, 688.2270620258025, 731.4582304668344, 720.3866566857657, 665.8868006897771, 651.1753744375361, 679.4002233005386, 501.3183901414257, 422.505589857795, 461.2182645942107, 572.0779983364129, 593.998588565928, 599.2837875076759]}, "keymask": {"shape": [3254, 1], "dtype": "uint16"}}