{"wall_distances": {"shape": [61, 24], "dtype": "float64", "mean": [2999.995081975276, 2999.995081975276, 2999.995081975276, 2999.995081975276, 2999.995081975276, 2999.995081975276, 2999.995081975276, 2999.995081975276, 2999.995081975276, 2999.995081975276, 2999.995081975276, 2999.995081975276, 2999.995081975276, 2999.995081975276, 2999.995081975276, 2999.995081975276, 2999.995081975276, 2999.995081975276, 2999.995081975276, 2999.995081975276, 2999.995081975276, 2999.995081975276, 2999.995081975276, 2999.995081975276], "std": [3.8411003144962605, 3.8411003144962605, 3.8411003144962605, 3.8411003144962605, 3.8411003144962605, 3.8411003144962605, 3.8411003144962605, 3.8411003144962605, 3.8411003144962605, 3.8411003144962605, 3.8411003144962605, 3.8411003144962605, 3.8411003144962605, 3.8411003144962605, 3.8411003144962605, 3.8411003144962605, 3.8411003144962605, 3.8411003144962605, 3.8411003144962605, 3.8411003144962605, 3.8411003144962605, 3.8411003144962605, 3.8411003144962605, 3.8411003144962605]}, "keymask": {"shape": [61, 1], "dtype": "uint16"}}