{"wall_distances": {"shape": [6096, 20], "dtype": "float32", "mean": [2072.529685018494, 2078.4484402261837, 2059.137607543921, 2014.7147520289045, 1996.571713598272, 1995.2951613898001, 2015.7925940531172, 2004.5474668159204, 1991.5830175944507, 1982.3507196958703, 1984.3082241126838, 1955.3405239825627, 1971.944233123202, 1962.956802590945, 1932.4632677676125, 1848.7148243808695, 1807.1742948938227, 1829.6627101325546, 1794.0783092742874, 1785.0219081729222], "std": [1245.7874989835202, 1240.1624246157085, 1246.385464427195, 1253.8087786659582, 1265.7155727222073, 1285.3765027986185, 1284.4731581581425, 1277.5806406557022, 1278.34782355044, 1276.9500056717918, 1274.3890172289757, 1257.449823351198, 1255.951949637605, 1260.5963058150933, 1273.5361837179878, 1237.8343533075329, 1225.2182757390146, 1244.2140770129788, 1239.9714120698711, 1227.5405788008168]}, "keymask": {"shape": [6096, 1], "dtype": "uint16"}}