{"wall_distances": {"shape": [6215, 20], "dtype": "float32", "mean": [1427.1489526723462, 1319.5421309052915, 1340.2368642523072, 1521.2857287845954, 1598.880015733258, 1365.5440535750697, 1152.640594643368, 1031.1282197974374, 963.9470331168711, 845.5127908234887, 829.2451134937749, 741.316249587525, 770.1215746251048, 787.5725149797652, 766.0440810591688, 712.7320744982695, 646.7699983630943, 590.2662695173622, 587.1320369262802, 659.5047363911774], "std": [1289.9489004111515, 1277.0309015344294, 1277.6900818945173, 1268.7025347274932, 1236.9712425710186, 1251.2132389870717, 1251.7206429766743, 1222.8726247500324, 1197.0440590029664, 1087.3491163553438, 1072.818647199737, 1036.3395419578824, 1090.2406468465192, 1113.166291619777, 1093.5929241165331, 1045.2497678705308, 983.2690324856924, 916.1459274249578, 889.1326348772196, 958.9932443536443]}, "keymask": {"shape": [6215, 1], "dtype": "uint16"}}