{"wall_distances": {"shape": [4772, 20], "dtype": "float32", "mean": [366.91467836780583, 304.63393854331827, 345.6591955884023, 436.89418969077053, 563.3964638173615, 722.4023344196279, 773.8062590730425, 694.1327611756375, 745.7725681487351, 894.9571599378646, 872.0518144907177, 722.7420109645334, 655.1519626636506, 651.7345451650517, 574.1587149453555, 476.9038590859292, 428.09941392462906, 396.8673106078125, 384.7979189833989, 491.9978585471623], "std": [374.79537635257583, 253.9204687322262, 401.9687596046793, 581.2775591573931, 752.4703892027734, 905.2111748734382, 966.4283546307634, 913.9410990834446, 929.9399765180938, 1078.2464623280107, 1048.400111365474, 886.6518931601889, 818.2318352119532, 757.0235674503818, 669.3106207187711, 574.3566926944735, 559.5446473915956, 543.756425287079, 536.7977278064743, 675.7921482916495]}, "keymask": {"shape": [4772, 1], "dtype": "uint16"}}