{"wall_distances": {"shape": [6483, 20], "dtype": "float32", "mean": [674.6909764696826, 699.7470142581665, 766.4224981682448, 863.6979784327397, 968.7180546919179, 858.2843142547811, 822.2439118460602, 735.0230600257986, 760.8677989573769, 813.6016583270834, 857.107364244679, 759.7368785914373, 668.8168245129713, 649.9323985316838, 613.6323705861786, 543.4875425116597, 515.2350283284957, 559.7442009894484, 678.4107365219834, 681.3744020841152], "std": [1066.2081881111924, 1084.5770082992528, 1121.222821672418, 1141.917793020236, 1152.8130167242339, 1074.321857827304, 1048.1820630509412, 973.9762701208377, 998.8425284648996, 1018.8244303192217, 1048.2539141463346, 973.3388650065997, 900.0129978006327, 919.5417171115464, 888.237668775621, 763.268980928852, 739.2973938863934, 833.6538056898443, 989.3792032570344, 968.6779314499362]}, "keymask": {"shape": [6483, 1], "dtype": "uint16"}}