{"wall_distances": {"shape": [6483, 24], "dtype": "float64", "mean": [2603.4506019568826, 2628.9081183319913, 2616.0911282520856, 2631.585609857222, 2622.0178229383137, 2596.1898402217107, 2389.588176705268, 2305.9137130948693, 2265.503425989025, 2262.262024578496, 2267.714530986744, 2384.664627893086, 2427.589855840754, 2328.1424129756133, 2323.062771988964, 2371.172127988442, 2405.4113312852865, 2544.1108805969693, 2536.8021277962234, 2499.025029513762, 2480.975839314775, 2483.2348020601876, 2473.815463172723, 2565.048517725623], "std": [955.1078833742156, 921.9898936996723, 926.745974918842, 907.4462761718102, 909.8440352070775, 915.6227049971797, 1079.9195032179264, 1121.9249507380966, 1112.2898112987134, 1093.6703182369733, 1086.4887876389662, 1046.395457204218, 1030.9521352720626, 1082.140559068732, 1076.7715698191666, 1051.3708778088112, 1037.632106418209, 958.7339963036538, 950.5411345933396, 983.8614421383132, 994.6129176366666, 1002.8011599151577, 1004.7978332429661, 964.8002180945051]}, "keymask": {"shape": [6483, 1], "dtype": "uint16"}}
