{"wall_distances": {"shape": [3531, 20], "dtype": "float32", "mean": [713.7728583994319, 696.7934388225563, 706.3032567288992, 698.0028835451905, 706.1478714331257, 780.8686085808729, 812.7729283217974, 867.9366968925847, 847.295144653338, 859.5001835329815, 898.9868843562591, 971.1509498539583, 1006.5682691985338, 1015.013279462504, 952.209972827112, 869.1718776221927, 747.8931794107713, 686.7430571790711, 652.8442095873812, 627.4976789501228], "std": [565.4536192840858, 566.0005345992062, 570.1879788283952, 544.7539704146789, 524.5326180480206, 495.5551022424532, 500.5712893479792, 564.8176025989505, 563.8123245064139, 596.6114249062301, 628.7448624848768, 678.5970024559972, 711.0326704679906, 714.5245647749988, 662.2825992013188, 575.6405856472746, 477.6862011136289, 462.407211816486, 464.3213336515909, 466.9527758858575]}, "keymask": {"shape": [3531, 1], "dtype": "uint16"}}