{"wall_distances": {"shape": [7851, 20], "dtype": "float32", "mean": [543.3861014124935, 541.2400322163122, 610.4060238156173, 651.501154168317, 689.4745295894188, 731.6203664692084, 752.4288267701651, 733.4159960663711, 729.9161119451111, 828.290863677902, 693.7120387355616, 585.2653322568897, 562.799352787363, 607.99373045704, 597.2233783017533, 577.5016925479997, 564.2792204853446, 562.5957077471761, 585.5313901709596, 607.3510673390406], "std": [838.1943676095702, 814.8184182095159, 898.6789934306473, 926.5297002039639, 927.7009536194631, 947.1704048793024, 966.9368670174999, 951.4521711352301, 945.6611211947927, 1042.0994669654315, 893.6481895473407, 820.996338163803, 812.7787798195407, 878.4734983254762, 886.9478671534284, 888.159193792193, 889.2175427242993, 885.8662649682329, 899.1378753903593, 891.1527476452193]}, "keymask": {"shape": [7851, 1], "dtype": "uint16"}}