{"wall_distances": {"shape": [7385, 20], "dtype": "float32", "mean": [578.3833034246674, 595.5273336615103, 638.6818053816164, 718.5274770257492, 747.5314155128291, 757.5302101618805, 738.32365953551, 708.879640523378, 678.6758351791333, 690.8574197689867, 580.985896428629, 537.0161068887746, 561.2435322462164, 597.0253268847505, 640.5040429746144, 599.8248123173498, 592.8488235275759, 601.88312685698, 627.456846904193, 693.267205026889], "std": [864.77724252643, 875.5952196230942, 922.7831009676459, 983.6514295506914, 991.1804575959152, 985.6450790618787, 954.415158535086, 947.7656636733225, 925.233502786349, 949.0791219212233, 789.0775186028044, 770.6172165668839, 833.1018648227924, 900.0026155568293, 962.159388852681, 917.0465534154096, 908.7927620224981, 908.1304079247473, 929.2575331608107, 967.8389421635737]}, "keymask": {"shape": [7385, 1], "dtype": "uint16"}}