{"wall_distances": {"shape": [5859, 20], "dtype": "float32", "mean": [2018.407174019859, 1927.8472153765015, 2086.706741619636, 2124.820993322614, 2153.2497845632674, 2155.359587154551, 2037.2816212655473, 1992.0366901219031, 1997.3041794605622, 1825.2688756948153, 1770.127485236962, 1798.7405759691912, 1985.6191481695535, 2067.05170699641, 2070.6928730737172, 2039.5395023336127, 1994.280222965612, 1971.9825920747946, 1797.6504460632314, 1916.8781136206144], "std": [1179.7695930107197, 1209.9309236524898, 1153.1200610377336, 1140.6674756677307, 1124.7381354922793, 1122.569203185059, 1153.8974907619317, 1140.2533633908854, 1135.8981050843333, 1123.560382481441, 1098.7516166586495, 1089.5049971391713, 1118.8024059994755, 1116.1684531312458, 1132.7509825897992, 1159.3807921228683, 1182.9618781491642, 1203.0233582390035, 1243.8129312004642, 1214.8303236620038]}, "keymask": {"shape": [5859, 1], "dtype": "uint16"}}