{"wall_distances": {"shape": [4997, 20], "dtype": "float32", "mean": [2180.083548821934, 2139.503175701662, 2075.889025063759, 2018.3063669373116, 1999.5558482449983, 2007.57606453566, 2002.5693041189782, 1987.691136494239, 2140.4004657224646, 2153.2660458514433, 2237.1255913193745, 2191.2292963365276, 2223.7232076721866, 2286.543009212855, 2346.120770429662, 2340.6030170382587, 2289.08980262798, 2262.6696360906385, 2245.928697053071, 2296.1676634302007], "std": [1158.298242446725, 1168.88986332032, 1192.7422005008746, 1215.3458533005683, 1225.9603375571467, 1226.7453603318152, 1218.280268055749, 1214.5880131399626, 1170.8559390474948, 1146.1300094327169, 1119.568747038258, 1109.0606989393054, 1099.8101552036442, 1083.63004662036, 1064.498898440896, 1066.3574012351035, 1114.8252226991638, 1147.865582173503, 1160.338581809213, 1139.6007785722047]}, "keymask": {"shape": [4997, 1], "dtype": "uint16"}}