{"wall_distances": {"shape": [4024, 20], "dtype": "float32", "mean": [1373.4165696846162, 1310.8204082339512, 1274.3531616301455, 1293.4862902702753, 1292.9717660189792, 1277.4490532398147, 1282.8045677084547, 1302.5465900587726, 1266.9320777061039, 1249.8034816626334, 1287.4135467524773, 1289.2113173677217, 1423.4090676243075, 1627.9450859477397, 1945.7233128851296, 2246.0562047569497, 2321.477354979535, 2527.2725846260932, 2758.376851646667, 2828.083587457347], "std": [1397.0394517621987, 1403.4659846463203, 1372.6666347436694, 1416.7247235015063, 1421.2400543964416, 1411.7552986812077, 1410.9834547955675, 1418.3083156505136, 1405.9184788281602, 1386.2500933237504, 1372.4469408556563, 1349.4884566791043, 1347.0845589035146, 1337.6365855163992, 1202.9471879693933, 1017.1297842829864, 1001.3874998253918, 939.1084446263632, 743.8764107373289, 649.1841773046507]}, "keymask": {"shape": [4024, 1], "dtype": "uint16"}}