{"wall_distances": {"shape": [7240, 20], "dtype": "float32", "mean": [632.9629646354632, 702.4818600797785, 817.4262397478834, 979.5501774048554, 1161.0611909498346, 1266.8226563149885, 1135.7296848663668, 1048.795398760201, 936.815070061123, 1081.3206648886435, 1049.1714057355948, 960.9856884358978, 901.7578044227124, 785.6223045042932, 678.6223976665149, 627.7889465680521, 610.412415891771, 615.5502541285041, 689.9710592967758, 762.9420695878796], "std": [785.957185188753, 844.5140709682878, 918.5286635100366, 1005.0460939527587, 1074.2372455512184, 1127.8626889651507, 1153.6694490904167, 1154.9715475388327, 1101.1210296491079, 1217.1741584741146, 1208.3146204069856, 1156.2126420375942, 1117.502680640056, 1018.3719531667695, 923.7717308871235, 869.0628140254792, 865.616395452496, 873.8600374996647, 958.5612415583628, 1009.7878266138822]}, "keymask": {"shape": [7240, 1], "dtype": "uint16"}}