{"wall_distances": {"shape": [5510, 20], "dtype": "float32", "mean": [569.8112683718457, 455.480129434313, 402.39766488283817, 398.3072193139614, 419.80424046721333, 428.5062369725418, 462.0345260045792, 466.9577789123053, 516.596004077957, 623.3432045591654, 685.7231192937936, 705.4078587095248, 855.6937066197623, 1044.513937089358, 1176.2697639813573, 1185.210415373814, 985.2811117902273, 786.4049462490573, 656.4799454531658, 591.0582758256264], "std": [812.852936446888, 698.0580600489039, 644.4835103574648, 653.0967872404435, 691.3597998966322, 705.447284419594, 744.305197619802, 717.5244709059377, 743.833081873107, 823.3466661045419, 882.9461175655183, 914.0028588365685, 1024.986802978622, 1132.8259793084337, 1142.7395062836029, 1128.3608024737773, 1048.2005620468587, 937.4037149198277, 829.5568055460249, 774.3177946262616]}, "keymask": {"shape": [5510, 1], "dtype": "uint16"}}