{"wall_distances": {"shape": [5361, 20], "dtype": "float32", "mean": [1436.9013621965796, 1239.782294652356, 1090.8706425421385, 947.2375914380187, 890.0007235502063, 842.3756928436812, 824.7786430030304, 873.2071581186754, 966.019500644636, 1191.7785104293673, 1274.1664631271888, 1220.474286072465, 1296.580056358197, 1417.7983164573056, 1586.5348187068835, 1730.9774956865667, 1745.205052597626, 1650.4063143110866, 1640.0710890093542, 1629.9980413205876], "std": [1360.2509112356922, 1339.1263744090413, 1295.5918918310035, 1217.3702539460444, 1174.4957633214292, 1128.6811904292335, 1096.0041533029441, 1122.8336539050952, 1179.0826555065853, 1292.1810767889122, 1313.7947996768419, 1287.7097506631735, 1309.5677617580366, 1322.162592777297, 1337.7737853110305, 1354.5444828804248, 1355.5890281824666, 1372.5923595902539, 1388.4737274659353, 1396.3388708620269]}, "keymask": {"shape": [5361, 1], "dtype": "uint16"}}