{"wall_distances": {"shape": [7604, 20], "dtype": "float32", "mean": [613.652936312424, 698.3168751095325, 796.1534264470525, 975.4245103706386, 1147.562451067832, 1266.295718792115, 1181.214879182473, 1064.591118005756, 978.9996974214762, 1091.4087712551875, 1050.2423043431393, 824.4373269621958, 762.6034756628981, 674.4707178126637, 605.1571638594547, 550.4847489975234, 546.9319880520748, 592.6652357530958, 688.1221631301215, 815.2541529230926], "std": [752.8414498206228, 832.2484069242295, 895.8051666824625, 1008.8560757862618, 1068.0390984027636, 1094.679504683099, 1105.8786212047448, 1102.2744884725626, 1080.9401643061578, 1185.87482021127, 1173.7153942041016, 1025.7276202256805, 994.3387127431967, 921.6690857343333, 848.2699477053318, 784.3150902002683, 792.7777832671974, 849.6020631435181, 950.1737627782334, 1032.1378974036404]}, "keymask": {"shape": [7604, 1], "dtype": "uint16"}}