{"wall_distances": {"shape": [7393, 20], "dtype": "float32", "mean": [925.4526440376173, 904.870389633495, 932.1486245504065, 985.5231238283701, 1051.9719450906496, 1056.7275709664289, 976.6845623613849, 925.5308512116579, 926.2328899692651, 972.6068849407401, 949.4977311976111, 817.0584161096218, 809.499024643532, 803.5521610029358, 799.2189768922169, 787.1139932790628, 762.4156473215295, 722.4826091019152, 756.4339310174627, 814.4727366337814], "std": [1184.1483812301487, 1159.4309528500123, 1156.234216586089, 1156.9632494219038, 1159.3598968936058, 1159.654001315475, 1140.7571663833348, 1127.775530262722, 1129.2512065356236, 1157.4329974205964, 1155.1169025453712, 1083.7301760823245, 1096.5143280330255, 1100.747037369869, 1087.2301812366763, 1075.8025790428214, 1058.0510041439336, 1013.4886503570896, 1035.189190323576, 1070.1063068760513]}, "keymask": {"shape": [7393, 1], "dtype": "uint16"}}