{"wall_distances": {"shape": [4736, 20], "dtype": "float32", "mean": [500.3757305507334, 536.7908574120025, 589.2248440089455, 744.5956142084614, 990.1004245866072, 1059.9244748158321, 1000.8839650383096, 829.755297226248, 646.9590945222518, 584.4962555941538, 592.7828305339897, 671.2022708375188, 460.90998928351235, 380.3235634561694, 344.1407728117101, 293.95614540264233, 275.8593201514547, 278.3810363936736, 311.95837622433777, 430.7401387096708], "std": [779.1773305187055, 797.3022505981199, 819.564351185216, 941.2590318755085, 1090.326772297297, 1088.8306888016439, 1076.3623828403195, 978.2105753435017, 837.9807859168276, 775.447612609778, 798.7094929110776, 1001.7098058823178, 757.3739479367464, 669.4588613741847, 630.9536571961391, 555.4022848902933, 531.6923192740628, 533.7625431481762, 557.0163577141809, 711.0497746503222]}, "keymask": {"shape": [4736, 1], "dtype": "uint16"}}