{"wall_distances": {"shape": [2860, 20], "dtype": "float32", "mean": [607.9214938913398, 518.8162617847377, 379.76624562444334, 299.28947111884133, 308.24260981847084, 451.9798321475443, 620.0838095093105, 803.7308430237233, 1059.5731832629979, 1417.0149907806435, 1538.252370752837, 1727.846430789233, 1878.035213779145, 2233.9915459056065, 2523.245558063309, 2596.1210783474844, 2583.1254156324962, 2576.243949486406, 2566.1642780031107, 2688.278035757957], "std": [950.9261549208264, 846.6490744557069, 590.468626839372, 408.0388246218934, 418.3911710976077, 729.24357813207, 913.0220695205624, 1038.2650307168249, 1177.5224454390086, 1339.3991519559017, 1332.242703041202, 1333.1877190764, 1317.506695669009, 1200.2249284097313, 1003.7059765555074, 937.8494688745511, 957.7834435424579, 973.1442730921964, 991.3938297243242, 866.3705299876048]}, "keymask": {"shape": [2860, 1], "dtype": "uint16"}}