{"wall_distances": {"shape": [108, 24], "dtype": "float64", "mean": [150.99986018531465, 152.35753844538706, 156.6802855779731, 155.8714248033505, 157.0827869731476, 161.34923366117286, 169.09846220305758, 184.56533841730936, 211.17111003940934, 257.5040682233994, 379.01379058671705, 576.1092435809527, 951.7365612433991, 794.1646247088424, 2999.9972222247943, 411.62129756118856, 346.48384496270916, 275.55270897691486, 233.5759081616565, 197.87511342525016, 171.710875040586, 154.86004438067172, 150.46928868447412, 152.0121667734763], "std": [0.14530286943414106, 0.1466092675567589, 0.15076874580293506, 0.14999043509411794, 0.15115604508294092, 0.1552613543355616, 0.162717916330438, 0.1776006864772612, 0.20320177372902215, 0.2477852735861855, 0.36470745944648975, 0.5543622132338804, 0.9158094385753959, 0.7641858722523003, 2.8867488334077605, 0.39608394710314365, 0.33340562385447714, 0.2651524638692181, 0.22476058223473452, 0.19040784811121178, 0.1652316684690682, 0.14901725398689275, 0.14479233800415334, 0.14627694068495314]}, "keymask": {"shape": [108, 1], "dtype": "uint16"}}
