{"wall_distances": {"shape": [3335, 20], "dtype": "float32", "mean": [473.9016482920307, 450.5173050046399, 434.06435645561044, 456.26707988047843, 491.9575818699553, 519.2580165799702, 517.308537825873, 533.2879739124246, 624.0679605854974, 608.1685249763029, 644.0315660915312, 746.4711577407844, 702.0455020501889, 705.3615520244193, 778.8523182834409, 909.4412328603347, 925.4476481775916, 846.4331439025545, 793.7414991891139, 756.6592575992693], "std": [471.3695924291889, 454.24199530895197, 431.3707011792432, 460.99511785973857, 513.448779842447, 564.7626812845243, 565.0807845212901, 575.0865879357681, 707.4651572787525, 700.3004145842143, 723.6024060135778, 807.579428193302, 720.6506858563869, 661.004579627963, 615.0836661885187, 533.7086460947602, 501.9004692267031, 431.0064859690004, 387.81252298977773, 375.6176202953973]}, "keymask": {"shape": [3335, 1], "dtype": "uint16"}}