{"wall_distances": {"shape": [5471, 20], "dtype": "float32", "mean": [541.7764297476683, 462.0603377448134, 365.90044864269566, 377.54893856367914, 416.88921140574246, 421.92439593774066, 464.5313259392776, 498.9150607186237, 544.8946740905164, 639.0520522741383, 649.1058993738405, 704.4386850581309, 835.9378838178411, 1001.1679955947603, 1102.0048437033836, 1169.5882978492912, 995.9926384282127, 798.0908626510576, 666.6016504919683, 601.0780085660396], "std": [804.2314647056638, 721.1814313830491, 577.735322619273, 623.9182815240525, 692.3406064084293, 699.3797004654366, 738.7451202570633, 753.0660059968757, 779.5970995720686, 846.5541379777735, 853.5589574163247, 927.2570543613483, 1034.9165330647118, 1123.1751366668009, 1121.73490981232, 1120.9534301890544, 1057.2450274210064, 945.3792546775306, 828.6512472120108, 776.3159319345708]}, "keymask": {"shape": [5471, 1], "dtype": "uint16"}}