{"wall_distances": {"shape": [6595, 20], "dtype": "float32", "mean": [198.7490006089884, 210.4512966605127, 282.0213767293788, 352.84831030315337, 411.776815513492, 478.93595873561907, 495.0764916781448, 402.8369565344099, 444.1330674836305, 526.6574302745594, 571.8869695159229, 485.36559572497885, 376.0612149196109, 400.2579435560957, 495.8963838752945, 479.5145912363097, 423.2426198006104, 381.335884233353, 359.9817917609297, 343.31648178355965], "std": [389.58623314990433, 446.2055658796525, 603.5281239867414, 693.9218084067803, 722.5946537555649, 786.5726673690866, 806.1468823770095, 663.7082661022471, 728.3186221704709, 808.8092728545886, 870.6296581916199, 775.2412671857894, 615.9039113502866, 605.48704753677, 656.0336213724145, 631.2529549042392, 606.7956006398663, 581.6052736101312, 576.5574386530141, 567.327517737151]}, "keymask": {"shape": [6595, 1], "dtype": "uint16"}}