{"wall_distances": {"shape": [2800, 20], "dtype": "float32", "mean": [605.4016768343222, 639.0159761818175, 703.388087061613, 789.1702349858622, 940.1072479897263, 1069.4705237844623, 1114.9758743825296, 1063.3247044026264, 973.2485733718498, 869.6981569138711, 780.6760237704628, 711.5708802565117, 635.490774440754, 660.8405963362429, 480.3119494975094, 457.28736950940595, 469.72561340321784, 575.6488427464768, 665.1834234280105, 729.7952971878783], "std": [257.55868304587983, 230.2410032543506, 252.08712651780073, 301.3212272842755, 479.1647199700153, 600.7144874947417, 672.5731553480285, 703.5320219703651, 712.7928119536006, 720.880171502067, 689.6067498245892, 655.5945940750735, 577.8449680958422, 631.15940525762, 353.001038797644, 281.3582344424045, 296.9211981283745, 462.06259518484745, 536.4108629617524, 587.8289150552554]}, "keymask": {"shape": [2800, 1], "dtype": "uint16"}}