{"wall_distances": {"shape": [7351, 20], "dtype": "float32", "mean": [575.3578511151863, 592.8675845182044, 630.6375384851914, 673.5227942189636, 726.7051612782406, 769.7865877874243, 742.3116969677025, 722.8148588865008, 674.9050962265214, 718.3954547159076, 587.4690841335616, 544.0428599366895, 568.5767324596259, 624.0673008009778, 635.1921414476257, 580.8431466082848, 563.5918291902502, 549.6013187177716, 601.8393035968475, 665.0131422918469], "std": [864.4669133324375, 874.8887667558758, 911.0710954126877, 939.2875317306246, 966.6658241791233, 980.1626710951044, 928.9166020505418, 950.672983088251, 900.8548616445139, 969.2932260009725, 796.5981482291006, 777.4698614580843, 833.4683887554949, 928.114912493386, 951.8335072291071, 900.167309567125, 884.1226472905524, 863.3721943819746, 907.3654213712697, 950.7018170582546]}, "keymask": {"shape": [7351, 1], "dtype": "uint16"}}