{"wall_distances": {"shape": [5784, 20], "dtype": "float32", "mean": [1159.454709609574, 1154.0916168746958, 1187.8011609302728, 1230.5137976431556, 1164.0166537783107, 1390.8360519590994, 1212.6404697790258, 1268.879607939014, 1254.978434324593, 1223.1861211085566, 1276.6770962031069, 1314.849337701159, 1304.2164295390758, 1392.3191788009756, 1280.2612728005533, 1279.569188322009, 1222.0092243727843, 1223.9385518349586, 1227.3823246117645, 1235.4531869751986], "std": [1110.389452999811, 1099.0978850678089, 1061.8422524911236, 1071.199839355281, 1059.3006726737601, 1145.938724553144, 1077.380948296798, 1140.9709695904144, 1133.9459346055248, 1102.6098733298356, 1116.606151498448, 1118.18734783146, 1123.8358787234852, 1158.963329588172, 1117.8530959171583, 1101.1257327354092, 1105.3337017954582, 1155.7705948737462, 1180.4477989629838, 1178.7247870040467]}, "keymask": {"shape": [5784, 1], "dtype": "uint16"}}