{"wall_distances": {"shape": [5218, 20], "dtype": "float32", "mean": [515.4870500312845, 441.8855183713855, 320.4300046523582, 324.9000773354492, 336.1484346843541, 373.95642196484704, 453.398681274307, 481.80410862666764, 591.5396735170275, 760.1020577978317, 809.6186327912943, 841.4074899030901, 916.2366754034788, 952.1496652007628, 976.3093592622606, 1024.604468995914, 932.0371199530219, 804.4127531161686, 652.649843776889, 564.2461478836275], "std": [769.6226355775304, 692.317961626354, 460.80564998542286, 463.04265935965867, 480.3246784807949, 570.8851986216129, 681.5471412047543, 693.0429546235115, 818.1313575549426, 928.5556879979289, 964.2289973943437, 1027.0004132861256, 1074.8103111238815, 1090.5328526534686, 1071.1023073632375, 1075.882424566162, 1039.0143894470598, 973.0089293305958, 829.91037854162, 737.7033702708869]}, "keymask": {"shape": [5218, 1], "dtype": "uint16"}}