{"wall_distances": {"shape": [7175, 20], "dtype": "float32", "mean": [608.9238559228573, 703.3648493367186, 844.4783054175384, 1024.3538494904944, 1197.393299236709, 1280.2058941095245, 1149.481193277536, 1096.0334527784582, 989.9985681185315, 1087.9501289921095, 1040.6952882333755, 923.007370324954, 894.8393343394484, 802.7233676338941, 718.5678866079247, 648.351063893314, 622.4417287357398, 627.8268551400505, 680.7319331811549, 733.4409477762067], "std": [748.5646157449196, 843.3302351730097, 943.2748146364262, 1034.2606715122033, 1095.098823617311, 1138.6056745660007, 1157.3152796363918, 1176.9190034279245, 1131.241030567128, 1215.4575951883517, 1203.0935983471218, 1140.0637708575134, 1128.05738353942, 1039.0269832470394, 960.6276353613379, 890.8532636220101, 878.1518560563233, 882.3286299004033, 939.4924274548977, 981.3156777770374]}, "keymask": {"shape": [7175, 1], "dtype": "uint16"}}