{"wall_distances": {"shape": [4406, 20], "dtype": "float32", "mean": [2675.621717181912, 2559.810513968956, 2494.2496083082774, 2464.879946578708, 2398.4967483259948, 2369.4545354830007, 2361.0923507250245, 2401.7709799902254, 2433.4895496867175, 2488.565741494839, 2521.8068834798587, 2518.888704407116, 2508.841545661816, 2550.5012953366368, 2564.6820653593763, 2580.8440633561086, 2536.7636194272873, 2551.260864148769, 2576.8505437275307, 2576.7341449670084], "std": [869.9669332992951, 985.4696956476289, 1044.6474036953657, 1067.4085679789848, 1093.5836954635063, 1094.0047359821658, 1078.1598842081114, 1047.504467015776, 1017.5885918204889, 978.9776273068114, 954.7966890359576, 926.603889157691, 924.6125950692183, 879.0778231783537, 856.5815815196505, 810.9045929576151, 837.1747559944673, 835.8028405006808, 819.4333594703282, 815.5102854742189]}, "keymask": {"shape": [4406, 1], "dtype": "uint16"}}