{"wall_distances": {"shape": [3646, 20], "dtype": "float32", "mean": [645.10178452725, 569.3839913420961, 513.3154886607132, 489.15710554294424, 509.7306294006694, 532.956225000103, 539.5554208401114, 539.525586732883, 606.1746369527652, 594.118505898547, 671.447833590785, 858.358733868393, 897.7550898886632, 979.6357839006146, 965.4454026956462, 927.5569836450165, 853.0062664667611, 772.6421307995901, 743.9676493995056, 738.1362369767553], "std": [575.0694814041559, 495.1877186292675, 450.1744956235489, 430.2925235483635, 473.22390519576476, 501.7617427976913, 506.5051605872509, 515.0058120230158, 627.064153932469, 620.5603621242512, 694.9012885820744, 828.7647143291565, 780.4252999075367, 745.2653701171166, 642.6180260947242, 549.8073076390918, 453.2912316460822, 381.8503488299891, 387.2842999157277, 397.95008112179175]}, "keymask": {"shape": [3646, 1], "dtype": "uint16"}}