{"wall_distances": {"shape": [6031, 20], "dtype": "float32", "mean": [503.5534926262174, 436.9584660307751, 390.89359483443286, 390.22749829355973, 433.1309756576533, 468.97692138947093, 519.3479494660656, 576.78965614242, 630.9161691619751, 672.3024693856994, 707.5319805974975, 748.9437713515616, 804.6818085302205, 862.2748519378238, 918.5048099789797, 928.1325908123977, 879.2908172082422, 863.5459255011544, 864.4304943593723, 927.2878864448561], "std": [681.6487656539247, 583.8112875894909, 483.88172172259914, 449.64984649871525, 527.8809234057862, 600.4185091879683, 682.127968103536, 787.467214850121, 901.7400603234122, 967.3860305417802, 962.0070086620171, 993.7522576593174, 1073.6573394068237, 1124.2295991535755, 1142.9782780728742, 1154.7211771962104, 1152.8808366474177, 1160.9913777642582, 1172.7765496675188, 1211.5898291982953]}, "keymask": {"shape": [6031, 1], "dtype": "uint16"}}