{"wall_distances": {"shape": [6118, 20], "dtype": "float32", "mean": [1150.8223209548703, 1121.46024095118, 1157.1790359061542, 1145.7134500303155, 1181.1988513421104, 1352.4117233249501, 1243.264848525516, 1327.644424463018, 1259.4934878323631, 1272.8617044402072, 1314.7058061376654, 1360.1512962272752, 1433.2871308713195, 1490.8367023340854, 1349.66742065898, 1284.94108066643, 1196.7810454411347, 1173.939468808333, 1178.6767726835765, 1223.5324511612694], "std": [1104.6278687256372, 1094.609844485952, 1071.205657191842, 1051.4270376955292, 1083.8486670668592, 1155.6745348039806, 1114.9259102668643, 1165.809373407802, 1150.4135619406215, 1164.3060837104033, 1147.3277644537065, 1115.4514470668541, 1115.3426664700503, 1135.9382488792803, 1122.3506522269602, 1102.4985833268004, 1087.7807686948893, 1128.2328639485315, 1151.426528060773, 1159.8194889248196]}, "keymask": {"shape": [6118, 1], "dtype": "uint16"}}