{"wall_distances": {"shape": [3678, 20], "dtype": "float32", "mean": [522.04416677126, 531.2043294017745, 548.4534934248925, 578.9120843960649, 648.7515179543012, 737.6015573942559, 811.9065238760334, 844.4312558443715, 806.1051161575082, 728.3841807870465, 705.0932259880157, 711.0559566313624, 596.6948677312437, 501.3486151012766, 430.53838458244786, 387.16122245534564, 388.5176211305724, 412.40147001386055, 439.86981829235884, 457.0512949788219], "std": [315.1412540531578, 307.30318713730264, 306.37014345855897, 285.7898425805953, 351.6212137743354, 475.2808026389406, 594.815359231798, 629.9224717876922, 623.4160080933958, 610.4602439502918, 642.0468428892498, 668.3972445098096, 605.9971848723757, 515.5880923022062, 421.28614611032026, 338.7525966293869, 350.5185815299694, 382.85443168415566, 431.56696883765915, 380.4784614643482]}, "keymask": {"shape": [3678, 1], "dtype": "uint16"}}