{"wall_distances": {"shape": [4090, 20], "dtype": "float32", "mean": [1709.8194959571547, 1571.9726566719771, 1532.6503869993974, 1537.5664776740164, 1518.0436731365514, 1499.4080512144003, 1490.3756706712966, 1502.4279987971815, 1451.5088626288602, 1462.1737214202628, 1465.4473508365506, 1470.8301205642738, 1592.9004802891027, 1803.5884436973508, 2077.076789936793, 2185.9440695277976, 2305.6989022994026, 2543.9673128649556, 2740.7269990669033, 2820.2766052461907], "std": [1375.9869332333858, 1402.360042881593, 1378.4928990333087, 1415.1500043846065, 1422.6711375869065, 1417.7869807480229, 1417.0771430286973, 1424.9629337300692, 1413.4501115639628, 1406.935854049504, 1380.5150747172895, 1352.8538657965955, 1336.771125870571, 1302.1333270945786, 1141.1922845853585, 1040.733067389385, 1015.0182429942184, 930.678826522248, 766.5585128625735, 663.1435606809312]}, "keymask": {"shape": [4090, 1], "dtype": "uint16"}}