{"wall_distances": {"shape": [6575, 20], "dtype": "float32", "mean": [876.6734383513701, 895.9999457555687, 938.0914134953757, 1015.8413342545559, 1108.426120427541, 1125.225471867402, 1096.5837804600449, 1131.4531506733626, 1075.3203962456735, 1046.779004045417, 1017.4022394693901, 956.2254863639452, 846.786219333044, 692.8349378734108, 702.9117464631968, 711.199954211417, 731.2054316753162, 733.0744072117216, 680.5034928594546, 646.34362532749], "std": [1175.5208849899407, 1182.034817287704, 1196.2252355244566, 1217.8098551134908, 1235.8851427971279, 1226.4209647190514, 1216.0047325293876, 1238.2089678901093, 1215.4768652810694, 1206.3197289825766, 1201.3021182809216, 1191.036667239477, 1145.4160625161783, 1049.0209277532344, 1053.230107846833, 1062.9918297948448, 1091.8648035824754, 1084.2442488859056, 1020.0564905712612, 966.8624328017945]}, "keymask": {"shape": [6575, 1], "dtype": "uint16"}}