{"wall_distances": {"shape": [6580, 20], "dtype": "float32", "mean": [687.6947714714246, 721.587358806062, 786.4582572104913, 847.0979336453563, 961.5339043147463, 916.7425708204883, 853.9586064669047, 775.620320303074, 786.3586345789028, 823.028773412759, 836.3688891730218, 761.7240582308777, 682.1463230037089, 638.0057296938805, 620.8382963740567, 542.4096614229967, 510.0005233737922, 559.5973248233147, 656.4385562762568, 668.0384648510161], "std": [1080.5823924416493, 1103.9458999869482, 1138.3523782495288, 1145.9487576251067, 1166.1079571093, 1108.0519595279316, 1072.0484098039906, 1011.3556028876151, 1010.691617179037, 1021.4488730536814, 1028.1034734595617, 976.8619784260425, 906.8885886498078, 880.4429173440948, 880.0391018489784, 757.2064723693919, 736.9622472358058, 819.4721752203251, 966.7336428824543, 958.469706823083]}, "keymask": {"shape": [6580, 1], "dtype": "uint16"}}