{"wall_distances": {"shape": [5716, 20], "dtype": "float32", "mean": [846.2052004140359, 728.2432234000548, 680.5169204151728, 663.777283514175, 683.2190399315558, 683.5929637866358, 689.6198941939026, 710.7039450570187, 768.8271283829142, 803.6713871839006, 918.1011181181551, 1059.9857068452993, 1145.6772011657815, 1299.7203224421783, 1447.515114808438, 1473.5660247744984, 1481.966032186802, 1529.3978643132052, 1536.92220095641, 1494.2284736384352], "std": [970.7567404809116, 874.8576335326492, 803.767539026244, 778.947985409116, 819.6692451606389, 802.889056904546, 807.1080835524845, 818.0728661851416, 837.4077092628279, 869.4310804930197, 952.2266361743636, 1039.233625705805, 1102.722836365561, 1179.4630453260415, 1216.2563652518713, 1231.3587565657185, 1257.4018305136622, 1278.9131229680577, 1296.5299453943892, 1301.556275258328]}, "keymask": {"shape": [5716, 1], "dtype": "uint16"}}