{"wall_distances": {"shape": [4274, 20], "dtype": "float32", "mean": [671.7647079116924, 644.062661665901, 600.9917437615093, 569.3187628663916, 547.9479887233333, 554.3176378165282, 584.3414786024562, 618.0664380686786, 739.1822297188461, 817.6978284272105, 928.0046712627368, 1022.48055967643, 1041.446799875896, 1043.6737874992036, 964.0860949656541, 868.7034741291095, 795.1475699818651, 749.6533948751801, 756.6644985924563, 731.3496713438444], "std": [566.0414676530072, 578.635724386348, 528.6843977125412, 502.69554578571774, 483.3699706526034, 503.5587945305478, 540.7443930973395, 575.5481494923496, 695.497832693155, 745.4055675865059, 774.2422428832087, 773.5866485868129, 685.6155170079807, 629.168745006625, 561.0536916222474, 495.53515018290926, 426.1120315906676, 377.813759983607, 399.1460104165591, 389.3132998772489]}, "keymask": {"shape": [4274, 1], "dtype": "uint16"}}