{"wall_distances": {"shape": [4274, 24], "dtype": "float64", "mean": [442.48742432696775, 421.0728547421616, 417.86505497227915, 440.0533221869644, 458.0825225884794, 501.61246636196057, 532.4161987827163, 525.9260478084282, 521.1505860590811, 513.7556510890216, 530.7679431473422, 563.4012522568229, 593.5371978448604, 574.7828031727789, 739.4277393644741, 555.5812655194967, 540.4387204387308, 549.6755362145275, 555.8282428806679, 515.3089882120493, 493.9770141656223, 469.0591965590106, 450.0248998867489, 480.88324269475197], "std": [460.781243754028, 434.18166724674256, 415.01185519609857, 447.47501397206804, 460.1319391120368, 513.6842586867841, 545.2607676221651, 538.9358928621812, 555.0090190408729, 570.5899637135509, 590.5613670080198, 620.4465079543912, 639.6870962090223, 638.7133785556564, 925.8253493681535, 686.8554095530455, 669.3161325698775, 695.2281419524253, 706.1331769343457, 688.2553364720407, 706.6242189996552, 710.3336192777466, 700.4226878016793, 740.548922663295]}, "keymask": {"shape": [4274, 1], "dtype": "uint16"}}
