{"wall_distances": {"shape": [5440, 20], "dtype": "float32", "mean": [833.5164794577296, 736.7676220328156, 691.5660418142392, 651.0795945091038, 701.0118207452202, 730.8587223761042, 726.5163348402552, 699.9498978054589, 728.0266847745215, 771.5264941677596, 794.5309217660548, 844.8910527856483, 937.2472658238873, 1046.1965314934093, 1251.9056167816802, 1435.6876753486642, 1454.7580543057975, 1434.5682079002509, 1446.3195354492216, 1462.0205087589898], "std": [946.6821660927269, 889.6071456890953, 849.0460404415448, 775.8356575746797, 831.0665647047368, 852.0477567163525, 851.515793141023, 815.8549096552581, 808.9594710073403, 878.2913665333833, 873.5229483120662, 917.119424818654, 1019.9276715109238, 1111.1265678650516, 1199.7430774143327, 1235.2750122341026, 1263.0538835509747, 1265.8910785744686, 1266.3844784128696, 1276.3394568475414]}, "keymask": {"shape": [5440, 1], "dtype": "uint16"}}