{"wall_distances": {"shape": [5862, 20], "dtype": "float32", "mean": [1030.94113583208, 988.394867721865, 986.5210689985507, 1017.4446022762161, 1096.103036559883, 1147.3314171282539, 1112.2174521090499, 1074.7807137067423, 1096.5048737217057, 1151.885647838499, 1165.1625614286377, 1116.8066823109718, 1059.004934057001, 1105.3381149626327, 1201.891800526666, 1160.707190570393, 1116.4815005457992, 1105.3638373952438, 1123.4134867894204, 1170.1327439299223], "std": [1062.3214300669492, 1028.9164587002283, 1011.8293015370464, 1025.925915423083, 1066.759187168319, 1080.3825872853836, 1086.0434668772375, 1089.0357885837673, 1093.4476890292492, 1098.827911222215, 1093.3643552601418, 1077.562485060331, 1050.7660180382136, 1078.5075966592658, 1117.5764508491097, 1107.656455703618, 1094.6173259777559, 1098.688413879844, 1116.513026531002, 1134.3527272836657]}, "keymask": {"shape": [5862, 1], "dtype": "uint16"}}