{"wall_distances": {"shape": [5228, 20], "dtype": "float32", "mean": [1308.3045882380309, 1150.2580171325872, 1049.9991663738383, 959.8258639529297, 902.9307083138386, 816.3830084933956, 834.5330673383895, 878.7152550475903, 919.6184363722733, 1157.7206925764276, 1225.6803272846967, 1164.419834956878, 1291.8138929297172, 1332.5424765086273, 1453.1824338567087, 1665.7442914854146, 1763.2239233416074, 1677.8035474056214, 1675.3496982326817, 1640.8764743640143], "std": [1350.0318679940567, 1322.6276901878703, 1287.8781065530568, 1233.4967983570352, 1182.9368763784137, 1114.9345344894184, 1117.8802825206856, 1134.2491815757098, 1149.6970086062584, 1293.8042439590388, 1314.0208696545496, 1278.3804723094113, 1330.3905472679537, 1342.3449110471417, 1346.2884638562648, 1357.2337834047253, 1357.1780532878815, 1365.16182861809, 1381.4909965609902, 1390.811586913267]}, "keymask": {"shape": [5228, 1], "dtype": "uint16"}}