{"wall_distances": {"shape": [5228, 24], "dtype": "float64", "mean": [2475.688090460698, 2462.043409768833, 2486.1071613061104, 2520.405937123205, 2537.9829901847133, 2549.2300618028385, 2541.7061299392585, 2513.8266161101355, 2515.890526305688, 2377.6912399089756, 2357.435094259759, 2334.953002603978, 2335.7350608987745, 2325.275303264408, 2333.069645836691, 2420.637662961374, 2441.2664736926554, 2486.8642254899987, 2496.587808108367, 2566.9771207847702, 2559.8657817585076, 2549.756107211049, 2607.7123397108357, 2637.167307640866], "std": [1053.1961962040928, 1069.0512109456233, 1058.0850109221246, 1037.7607555686307, 1019.1199955314752, 993.2667736600113, 994.1217559977114, 992.507904147785, 1000.380305633656, 1065.3464102112555, 1071.1142244172704, 1090.728381879607, 1082.559340984541, 1087.6809776591338, 1084.5597013350948, 1055.673554444, 1036.6837434064614, 1006.8189427618596, 997.4086042194193, 958.0467865311483, 981.406122874714, 1003.0738676850917, 962.2847441239926, 940.1322718430927]}, "keymask": {"shape": [5228, 1], "dtype": "uint16"}}
