{"wall_distances": {"shape": [5123, 20], "dtype": "float32", "mean": [343.31926644313654, 325.9967111048736, 376.8769087637104, 467.5626028368265, 592.1306389629754, 718.4704359995627, 679.260829958363, 540.7538322159551, 594.0622525353936, 858.4959927015091, 904.5166972975022, 735.5693877922072, 667.6702550853606, 685.5161217346488, 662.8389093499051, 547.2541008037033, 471.162568905105, 436.5687045675833, 437.4386554882644, 519.7540766570309], "std": [373.30341169569846, 369.5668513044129, 520.632059144017, 665.7045269121285, 815.8772310706022, 923.2479475436078, 941.3677595393161, 807.8393281101397, 842.6408517097996, 1105.8819628778742, 1130.6094267105952, 936.3025737594038, 863.7981750118237, 810.9826541804131, 782.5819148170298, 653.580130638634, 597.7202345870173, 584.4142248689606, 615.1003359022068, 715.6266662301955]}, "keymask": {"shape": [5123, 1], "dtype": "uint16"}}