{"wall_distances": {"shape": [41291, 20], "dtype": "float32", "mean": [402.96496324423333, 405.361432906689, 411.65778414157165, 439.1959416928613, 494.10406254181134, 570.2913434739478, 574.0333636306742, 554.2018470074424, 774.2369983671414, 1487.758554289943, 1349.163856870959, 863.1860147981057, 668.5706608110117, 622.7424740116742, 528.7712807949345, 473.99245138982667, 426.7480557501752, 418.055381919986, 468.92928752128995, 583.6944076870217], "std": [364.64742065567015, 456.8055110162945, 521.5554944117189, 561.5084729471095, 617.2603101888889, 673.7858921042476, 644.3138548214117, 525.2534073471095, 676.4055737047651, 1226.4257371839776, 1163.7711036725277, 901.5360131450053, 748.4937060187171, 750.7306447373021, 679.6549504934362, 661.3597438529498, 623.3227784848489, 630.514444177977, 717.5515191685716, 854.8262123225279]}, "keymask": {"shape": [41291, 1], "dtype": "uint16"}}