{"wall_distances": {"shape": [2680, 20], "dtype": "float32", "mean": [2999.999888059704, 2999.999888059704, 2999.999888059704, 2994.580658281905, 2917.739661219877, 2467.13451651324, 2075.3226913717785, 1687.5741099105076, 1460.038680834506, 1251.368970117442, 1072.1522055984233, 912.3326891642834, 849.6689920862206, 815.1255516703068, 809.9484241139527, 814.1151299358625, 553.6161711668389, 636.0092114696213, 730.6054333112003, 874.0657410559597], "std": [0.5795005675360115, 0.5795005675360115, 0.5795005675360115, 125.34982801640987, 475.32073971684963, 1080.521400477908, 1273.1436858149725, 1312.2182635765694, 1280.1209513885042, 1220.37370239931, 1139.4772768664436, 1025.6111679263965, 981.8841644499194, 941.4936064292858, 910.0518623614417, 881.818996534281, 429.7913550479736, 598.9071221145625, 732.666764101357, 873.5927537006704]}, "keymask": {"shape": [2680, 1], "dtype": "uint16"}}