{"wall_distances": {"shape": [2779, 20], "dtype": "float32", "mean": [594.6082767360283, 624.8757077619077, 689.1152355380215, 784.180955437515, 925.0425069596419, 1053.83357426606, 1146.338533216759, 1088.4689555471025, 979.3361571787112, 893.8124419167976, 795.6250050537777, 715.330476647673, 645.7196275352751, 665.8761222759141, 479.8171105913412, 457.48913502557224, 484.9136997819035, 578.4867197904535, 666.9981822542569, 728.2731028172914], "std": [256.0351521128041, 216.05197672418655, 231.70860605464495, 309.00336108869857, 470.17393924117795, 590.2477576411706, 690.101942675704, 721.7536864815215, 717.521350939087, 734.5721126726187, 697.4311015672835, 650.8129745933368, 578.3054409667495, 626.0408004871716, 353.7612390994833, 281.3344763456067, 342.8090127155331, 453.90971034325304, 538.3398500141053, 575.3525431552597]}, "keymask": {"shape": [2779, 1], "dtype": "uint16"}}