{"wall_distances": {"shape": [5335, 20], "dtype": "float32", "mean": [821.7812817325957, 746.707381120493, 700.0615427931059, 671.2209027565431, 700.4231812454415, 728.6915462339549, 719.4971784387452, 692.6348229288436, 718.5423652986564, 759.6278346052325, 795.2312989398384, 780.047063025629, 885.7913773484009, 1027.402277807587, 1237.1134984655891, 1477.789166795431, 1505.0926795036348, 1426.069374398869, 1387.0472694952148, 1411.4412173788082], "std": [959.6381217155619, 941.2458045008814, 919.8354576668595, 877.6395721056809, 886.2928502682953, 901.5214433219219, 868.3560834763276, 817.6772252446486, 806.0854653466084, 872.1557217877083, 912.8388099588308, 894.9262705017371, 1008.208931168996, 1122.892286187824, 1208.8301370820334, 1231.227560788744, 1251.32283466988, 1251.2442190925092, 1251.0539719759122, 1265.5877463795448]}, "keymask": {"shape": [5335, 1], "dtype": "uint16"}}