{"wall_distances": {"shape": [4688, 20], "dtype": "float32", "mean": [486.4061661815518, 507.1519841480075, 505.16171812817083, 512.0991372744817, 518.687750171708, 508.2751313993101, 586.7038719502805, 598.7483040809808, 640.7120881527096, 687.3721232900031, 707.402630077992, 709.5347026364578, 668.8724789167104, 699.3037656393434, 722.4037887419391, 732.38117115973, 704.4576966014447, 684.6576148414869, 668.3067835028149, 670.4348853754923], "std": [362.2103679797868, 404.7586930873537, 411.6566672600773, 424.8666971297056, 460.1022160263947, 488.530928937877, 589.6957948086416, 611.5093919857208, 646.2399588374049, 671.2744101292888, 692.5932567945532, 665.4390367225792, 568.7667386052119, 542.4367274722889, 500.26387194672304, 411.0878717745005, 372.6058196029117, 351.47981596753186, 377.6298614030706, 415.94957532039666]}, "keymask": {"shape": [4688, 1], "dtype": "uint16"}}