{"wall_distances": {"shape": [3958, 20], "dtype": "float32", "mean": [1245.1091250469326, 1205.8151458809918, 1154.8930189679882, 1162.7777339401143, 1127.6770499171807, 1087.7094449737676, 1050.3743331916103, 1038.916966550976, 1026.1758111882561, 1073.173412764326, 1141.3433536282046, 1202.3948814486416, 1302.8624042994763, 1487.2021513740717, 1684.4060400083415, 2095.159270478498, 2183.8251247650164, 2476.868244673167, 2685.1863999469824, 2773.3463032062714], "std": [1402.4998502303388, 1397.6413577637047, 1357.8103350846407, 1399.5272833297222, 1393.5085723070845, 1377.821113048596, 1354.0408497052647, 1341.7317902780353, 1325.0441512905716, 1341.3054440731885, 1364.4704701437222, 1370.4679319366248, 1373.3182709451369, 1372.4731124410634, 1318.8638785788442, 1086.290700717842, 1049.3485477274648, 974.3806313561279, 829.1478066673482, 732.4784445415395]}, "keymask": {"shape": [3958, 1], "dtype": "uint16"}}