{"wall_distances": {"shape": [3958, 24], "dtype": "float64", "mean": [516.5003147813293, 332.81784258311114, 325.6112844403279, 320.4777526768253, 320.6243442695339, 325.5875291987449, 340.78984294944087, 361.38454483758215, 408.86699570859344, 634.1145987556001, 654.5779818622148, 679.7262809434174, 678.3272588118779, 561.3443248553862, 756.1267045979023, 806.8966529307663, 711.102423596616, 770.6545389996656, 1065.3272137562894, 1037.2746642116833, 891.3826636396186, 800.4318397010484, 707.9614738183425, 669.847403823486], "std": [857.1100454295865, 686.215433783802, 688.8595627207801, 682.8115781697604, 682.2430319372493, 690.4130033645599, 709.1235325001633, 738.9848655561357, 811.4738604535235, 1081.4612776180575, 1075.0904800422832, 1084.2536560046688, 1012.4876126928372, 818.927876406634, 1050.429951849889, 1034.9655825492375, 852.5331122022684, 778.7449127892414, 827.2729718759134, 786.7262997684372, 725.8749164313764, 711.7506765725815, 684.736533953051, 696.7431543047155]}, "keymask": {"shape": [3958, 1], "dtype": "uint16"}}