{"wall_distances": {"shape": [7194, 20], "dtype": "float32", "mean": [1146.0618887620685, 1058.5389494029143, 1014.5323681973308, 962.2557811855252, 962.4505861667516, 936.1439550108121, 940.951216551091, 958.3980575054177, 983.4372223195901, 980.5901187322823, 968.8043858723244, 980.3470371268825, 952.7694630621372, 981.6092049639159, 1106.3711535798857, 1194.2180762876437, 1207.3693376829772, 1140.4541892417722, 1053.6466743500885, 1029.3206247237993], "std": [1229.9912779086483, 1187.616568751218, 1139.7872171134177, 1071.1285617595968, 1034.794110769703, 984.7728825007194, 993.5796380477341, 1006.4186690465316, 1030.613348840889, 1029.058759117069, 1054.053519667408, 1083.670259874434, 1078.4335699081023, 1104.022788951102, 1170.047389419563, 1223.849777920303, 1256.658738442583, 1231.879388326061, 1190.6813249322286, 1181.7241409669805]}, "keymask": {"shape": [7194, 1], "dtype": "uint16"}}