{"wall_distances": {"shape": [3208, 20], "dtype": "float32", "mean": [783.3349831292683, 714.6160842121002, 702.5835524707586, 693.7851480546893, 676.8913555311141, 763.2670353881902, 820.4268054382494, 890.9887095128124, 846.7437338967237, 848.7502998024694, 854.8056487618326, 911.3711860316072, 928.6377646620646, 940.540959162941, 988.9210937980738, 979.3377356627321, 878.0802162432652, 724.6231547834129, 622.5295560553305, 571.675039247838], "std": [679.8109619184688, 615.0270233032269, 601.2233709106663, 585.8639485911078, 536.4519301678872, 516.156800877537, 563.0263463591144, 647.0116860361546, 632.7575203406959, 608.4633628011591, 593.5115891640619, 627.5247215705299, 671.0338374843177, 660.5606943430207, 658.7302924229717, 607.3582267693021, 538.8931423947537, 398.9049817441895, 298.23555355435025, 267.6237480125072]}, "keymask": {"shape": [3208, 1], "dtype": "uint16"}}