{"wall_distances": {"shape": [3654, 20], "dtype": "float32", "mean": [697.3355636855234, 594.0438721447432, 517.1386064285342, 499.643410481866, 518.1341585812028, 540.5982125329205, 540.5842834246192, 527.58652155754, 613.2496889114148, 586.1441680163152, 680.9059177010951, 856.4912336477865, 863.526430068591, 949.7813257861059, 967.0177304949182, 939.0465900904067, 851.7593098267646, 772.3374042068741, 753.2945101579154, 748.7991255228084], "std": [603.6070481313188, 523.2873921416715, 424.6482264040827, 431.0298299033159, 474.9797643924078, 505.7928604232441, 504.95289476497817, 498.66285504408825, 634.8184676235052, 607.2197609296535, 700.8614534588272, 817.8582168441909, 753.4945070907402, 733.0272231420296, 632.522504260402, 545.8152950662466, 451.6462961459052, 387.1744600258918, 397.35457142573193, 410.9729688789993]}, "keymask": {"shape": [3654, 1], "dtype": "uint16"}}