{"wall_distances": {"shape": [5693, 24], "dtype": "float64", "mean": [702.9126842710135, 704.9294532654795, 642.7101983398327, 628.1924541789195, 609.8309678064754, 600.1652906094145, 575.1229076237638, 551.8399107026846, 540.9118236675291, 549.2218090953373, 544.2001266374724, 549.180457674149, 547.9801338201075, 520.0913132253987, 516.0361660371395, 529.2690025043074, 616.2949814810277, 653.5441252352316, 638.6830986981236, 626.5830074474304, 632.1143533349181, 662.3344808299206, 689.4353453498901, 727.4890181785129], "std": [773.9553355022742, 788.0508989273668, 739.6579476811872, 717.5907968659952, 684.61733238065, 695.2735107708023, 670.1840837416056, 678.5350611939033, 680.8239335840169, 681.7603745753624, 660.812073362385, 656.9544557125787, 669.4236185013422, 666.9557750625935, 695.3274604581796, 727.8512731506942, 827.5176489865509, 880.5238582121732, 893.5817787985908, 924.0341002128906, 960.7592088048832, 1007.2210629950137, 1037.6597906793588, 1071.2338112828752]}, "keymask": {"shape": [5693, 1], "dtype": "uint16"}}
