{"wall_distances": {"shape": [5693, 20], "dtype": "float32", "mean": [881.7741631205602, 1057.9358158536022, 1022.7423702043808, 997.3404151590966, 1031.1697710239287, 1060.31494623575, 1097.713674384031, 1131.27861197382, 1110.5176134027042, 1164.8309821651374, 1203.5130968940684, 1182.4248728776006, 1170.5208054260609, 1205.1874761469085, 1242.9883762547922, 1173.561155355764, 1118.4074628181795, 1033.2158979062879, 939.9417537018746, 825.7713107971624], "std": [985.9797061817945, 1120.0457539455617, 1120.9194985345487, 1093.9715644920202, 1105.1393384435912, 1121.8201187260431, 1155.110998368488, 1170.0194265521318, 1140.4352602884733, 1152.3551421056823, 1177.9138506558734, 1203.4516897839878, 1226.2982462695882, 1242.0933072486127, 1251.6342364122684, 1246.373217474316, 1264.4016016532764, 1258.366026524334, 1226.8597768522807, 1157.3967289617394]}, "keymask": {"shape": [5693, 1], "dtype": "uint16"}}