{"wall_distances": {"shape": [2789, 20], "dtype": "float32", "mean": [423.86782073982783, 354.60652405433876, 285.7967778585894, 206.16906044554383, 208.8079832363215, 365.2598052242775, 508.63536589979645, 704.1039316439136, 916.092987725516, 1318.7044058996116, 1374.8454700718246, 1445.9115841176472, 1665.7741388981958, 1984.3199544022993, 2421.1595571849016, 2511.9794573149056, 2490.8700598553432, 2469.6328390456592, 2458.7415097088106, 2614.159925944823], "std": [771.8764363556239, 689.3787522298971, 563.305157184269, 304.5273632388309, 248.18490439821628, 683.3377837223095, 860.2865766394522, 1019.6261046150038, 1152.5901628649665, 1369.0137463960302, 1356.5819977172985, 1338.533119959769, 1342.0991215636477, 1279.636693509702, 1064.9982642848752, 994.7638531154806, 1020.4537861117374, 1049.6917271797297, 1066.6084532451655, 938.0188945119676]}, "keymask": {"shape": [2789, 1], "dtype": "uint16"}}