{"wall_distances": {"shape": [3337, 24], "dtype": "float64", "mean": [521.6366734563014, 568.1751955913878, 600.1478739626644, 610.4080560482212, 613.6766271320864, 619.3386716063505, 646.2012174359286, 648.9108893765541, 695.1650906797815, 772.2884822524286, 849.0887726922543, 957.7716265307441, 1027.7353053735958, 970.8228651431623, 882.9411277273641, 834.494111055888, 781.1924606157241, 726.1761620112676, 680.9183116117367, 646.2560693486357, 636.8071948090804, 622.1111197267563, 579.4064759600973, 512.9538125139305], "std": [932.4157950975082, 973.8528768768155, 995.3415505954571, 985.9071824605087, 962.0870395352591, 952.2916491394584, 935.7290407574757, 914.4560158654568, 915.1237704899571, 928.889807145884, 931.0487267774153, 945.3670970471834, 988.8824241674058, 1007.7351407796028, 947.2614059890897, 934.3034420857181, 904.5137979735283, 864.3674018737452, 832.1811526071377, 803.4879521656653, 799.8618017760497, 821.592281901927, 803.1473957998161, 739.8942554047005]}, "keymask": {"shape": [3337, 1], "dtype": "uint16"}}
