{"wall_distances": {"shape": [3337, 20], "dtype": "float32", "mean": [480.4245900938693, 494.84290731141573, 530.1771848633707, 602.1010610591084, 700.3671442371896, 737.3437495827214, 708.9879898135363, 700.239752645306, 677.8731921366732, 638.5418828790566, 570.4285916408238, 540.9021696946645, 440.01897470049107, 386.12990253939654, 353.94880119005364, 331.24641375511476, 334.1939003187429, 386.8815260440838, 398.5378346974107, 448.55973183500765], "std": [268.48702526984334, 258.700827032716, 281.4724858817018, 356.2841854718001, 521.5047801223855, 607.9363189109948, 596.7055827973631, 617.2058908875721, 617.0177865917889, 627.5261805440588, 579.4004686563735, 577.9268309388273, 500.3084887206875, 445.2515329259488, 402.2171820024046, 335.5820475353725, 334.08366527060207, 449.9933819382319, 412.16805068106385, 428.6429249914072]}, "keymask": {"shape": [3337, 1], "dtype": "uint16"}}