{"wall_distances": {"shape": [4713, 20], "dtype": "float32", "mean": [2760.4064877422093, 2641.756565233548, 2528.922494071033, 2477.374980088562, 2413.0246240632587, 2403.538453162653, 2389.530174585907, 2415.897109700937, 2442.5265402463065, 2466.9474431237563, 2524.2812357110056, 2582.7809399804414, 2594.8752921882824, 2633.738382341787, 2633.218420304195, 2630.205010679079, 2610.8926954761146, 2600.326492928484, 2584.472865541164, 2589.0469881443637], "std": [743.3898765873903, 880.7670935275939, 999.214654969491, 1043.3481698298783, 1073.9967404863344, 1065.1911542696214, 1057.7942238527548, 1035.9620807630952, 1014.6912725628149, 985.5799316449519, 935.7208419588613, 877.3597153994217, 862.0055545898717, 821.9986232196878, 803.0965655785674, 763.3902700890893, 782.0634677249029, 793.9346232066955, 804.8537734343413, 802.6771445084372]}, "keymask": {"shape": [4713, 1], "dtype": "uint16"}}