{"wall_distances": {"shape": [5748, 20], "dtype": "float32", "mean": [521.797660557124, 436.9628847806946, 413.9689738687753, 411.98170909596064, 454.3766413339168, 488.48523196507284, 500.3572674069274, 569.4021837312897, 617.7859792807976, 743.0948259556486, 845.6092195765424, 871.1461282285296, 927.4740433139272, 952.9590721823901, 1031.9195003286281, 982.2770988837933, 812.4261416592436, 665.0833840743434, 588.3774266916834, 555.089984943671], "std": [767.4192799209044, 686.6119858828099, 668.1534361696993, 675.6299645015158, 725.0971636775047, 742.1413823368691, 749.4174718629141, 827.5890546412238, 846.4058110445822, 921.0416081826572, 988.7618095664733, 1048.7111305247345, 1088.8973909326423, 1075.8959183721693, 1084.8301167556474, 1054.4267440918713, 966.5459574541405, 843.8675978729173, 770.0019127708418, 732.7930853337933]}, "keymask": {"shape": [5748, 1], "dtype": "uint16"}}