{"wall_distances": {"shape": [5707, 20], "dtype": "float32", "mean": [463.65199920572155, 426.10702057577953, 409.2870130016247, 417.6192951374843, 437.9319310882739, 450.1136541401739, 501.34118096656624, 587.472258845593, 690.0827711484881, 760.9623694263101, 787.6078752456971, 792.5966502261513, 823.7465874556212, 850.656053237474, 939.7502256674542, 951.1431178961279, 904.9728929606437, 890.4958155457006, 912.0675623390961, 935.6753278055334], "std": [604.1881667598168, 566.203969231404, 525.5980661851812, 504.5829719679524, 512.4774938942433, 544.9133946294985, 677.9142283085237, 822.5151193728041, 964.6281891439128, 1051.7420555874394, 1070.0186525480106, 1056.2336984927304, 1096.3097667723628, 1119.400856776061, 1157.451414478531, 1166.2104954375923, 1163.46433266209, 1170.8427675427542, 1202.280185891739, 1225.0618852641203]}, "keymask": {"shape": [5707, 1], "dtype": "uint16"}}