{"wall_distances": {"shape": [5849, 20], "dtype": "float32", "mean": [810.7521942388588, 968.7259595720193, 967.8709649732143, 973.4436213867942, 1046.906796595417, 1098.717793315811, 1120.701768280303, 1180.5856849640768, 1179.319800289554, 1252.6785310481962, 1270.130376241401, 1204.6933431507557, 1228.679155694688, 1260.3062844046217, 1267.0523366557863, 1251.355057314606, 1192.90248112852, 1128.5596162747395, 1019.4746540860599, 895.1590511692094], "std": [922.7988759086154, 1063.9439668018376, 1073.4849827708904, 1081.8284573725473, 1124.5668999759396, 1146.6247783918984, 1164.0671897833192, 1207.0251940608953, 1194.9491476292576, 1207.2547327889672, 1217.3276271344469, 1214.4409706366291, 1242.4493634632877, 1256.4631331614166, 1252.212356984134, 1269.7103659104641, 1287.1168612913357, 1291.1391332060239, 1259.8989004116042, 1193.5802153504092]}, "keymask": {"shape": [5849, 1], "dtype": "uint16"}}