{"wall_distances": {"shape": [4714, 20], "dtype": "float32", "mean": [1565.7010044928854, 1471.0721754517774, 1383.8307332897132, 1398.1563817067286, 1431.0591815982843, 1514.6796427332122, 1508.0071911093596, 1516.812645754503, 1546.481316874313, 1679.2290392800137, 1772.7127709252366, 1504.0208530320847, 1375.7883184078828, 1199.339591991341, 1089.5171207189758, 1024.216633154388, 936.1456859246333, 925.6314370294342, 1089.5910428524412, 1448.4077913309818], "std": [1294.3438555113546, 1280.2023400174362, 1254.8727539246988, 1248.0355117507947, 1243.6825117717785, 1240.9950300894236, 1212.1662521000646, 1213.238420441932, 1205.260991745914, 1258.3715892381263, 1321.8747628660933, 1302.644099797869, 1282.164013641544, 1233.7711147048553, 1194.170224149318, 1163.767349990594, 1096.9387095495708, 1066.6647903803555, 1123.834505601508, 1237.0864418911713]}, "keymask": {"shape": [4714, 1], "dtype": "uint16"}}