{"wall_distances": {"shape": [5687, 20], "dtype": "float32", "mean": [1155.1581220063185, 1149.8633994177615, 1197.9863484702787, 1227.7195112380798, 1199.8120288457517, 1351.7275427155562, 1161.5642294361649, 1302.5708799161846, 1281.5143627119248, 1263.0391603012954, 1284.8449417006982, 1266.9848725503555, 1290.7622238295944, 1393.7821518439307, 1288.1876887355731, 1317.9635108429072, 1211.9304259898558, 1233.0139951084, 1206.9176501212416, 1224.7499799638927], "std": [1099.2597080688363, 1099.6208204390784, 1068.2858456464862, 1083.590110302504, 1084.5948852558602, 1161.8391090810358, 1067.1541415949514, 1170.7763326860797, 1179.9614934394915, 1157.5636292042586, 1154.3711824948232, 1137.6761547816488, 1128.502466337831, 1171.2323620175762, 1126.2272661281318, 1118.5132214856544, 1093.1028418163173, 1170.337132494308, 1173.8890457141194, 1195.6629927241645]}, "keymask": {"shape": [5687, 1], "dtype": "uint16"}}