{"wall_distances": {"shape": [5687, 24], "dtype": "float64", "mean": [934.6290234533584, 945.8174183394111, 958.4987723599692, 972.9071051564838, 996.4722103433072, 1017.1471811494928, 1001.2808704010954, 955.4648888704743, 930.5455595843557, 907.934212184113, 900.1449679251778, 928.6959505292556, 991.6941767963398, 961.2339720617518, 968.9776629735893, 996.3186866619443, 1030.9780311909003, 1000.7859737942605, 1003.7931388097342, 977.6646218717888, 925.8523827619108, 928.9567771014398, 956.5556853784726, 982.3446611075418], "std": [1229.2953498743373, 1233.2535193900962, 1230.2906753499503, 1221.4325204726856, 1213.2233673604576, 1210.1279987183204, 1218.3388982695164, 1193.78929217604, 1173.2335124920946, 1156.7968430712806, 1132.432749694261, 1137.851631455075, 1153.8823338746406, 1174.4140860678392, 1195.9948970041742, 1221.6895099515468, 1244.8382395614663, 1223.2959978372523, 1220.2642256817978, 1201.954437375989, 1158.3599169880422, 1163.4569635328476, 1183.5144389786178, 1204.991774081711]}, "keymask": {"shape": [5687, 1], "dtype": "uint16"}}