{"wall_distances": {"shape": [41265, 20], "dtype": "float32", "mean": [398.490264603718, 403.6265516491148, 415.0698199075552, 442.80657821743006, 494.7367399931874, 540.5263345571576, 561.0055720581415, 549.7631782979031, 786.1312094580877, 1492.1679875059617, 1352.5630205386062, 825.3075777489512, 640.0760336611686, 594.5097820420875, 503.31737211736834, 466.4478097878328, 424.76843408419825, 418.5209092526689, 457.72789988986716, 567.5635616435454], "std": [354.5335515488565, 450.879468528163, 523.8481979392441, 565.0833927950682, 619.4626991838506, 649.8176132998923, 632.0271754874046, 519.7595656730015, 693.1626745818842, 1238.4641852425696, 1167.5324468339932, 868.2971137118635, 730.7448406466419, 741.1856589280364, 673.1766931754154, 663.2349241138851, 629.2818951354242, 643.3724767089689, 707.7883285512297, 847.0896981672769]}, "keymask": {"shape": [41265, 1], "dtype": "uint16"}}