{"wall_distances": {"shape": [5097, 20], "dtype": "float32", "mean": [295.2844497450126, 334.5179764742662, 407.6457372203344, 516.8572500563783, 602.1979925673093, 494.72323816468617, 508.5548722157251, 493.99124546722106, 566.4562048607547, 761.0987864352692, 762.247744590088, 619.8191628438789, 560.7914267889977, 486.1996792641658, 485.2979231632585, 522.6538193069663, 469.4105488898476, 438.9043577689943, 411.6596245481026, 444.9443191547786], "std": [275.8147262231341, 430.77185083695707, 575.7874114316306, 735.8451390492314, 858.0035819281906, 827.6000205587629, 837.5560131105119, 804.4340145005511, 875.0564126216439, 1095.9799786896335, 1070.9398735089653, 894.7102860487792, 843.0546366140061, 737.2240273968698, 753.572342916014, 696.5213699986409, 632.6501461984751, 638.2848222604856, 616.6650707177664, 677.6887696954101]}, "keymask": {"shape": [5097, 1], "dtype": "uint16"}}