{"wall_distances": {"shape": [4581, 20], "dtype": "float32", "mean": [284.7047733394624, 314.84074428493244, 382.24810605534947, 488.5852719856575, 569.6343840925068, 436.9919055346817, 438.31293252503974, 443.3385500260634, 525.828312950432, 727.8293452221361, 729.2654180231069, 591.758938462228, 540.8342327684205, 514.2316787066237, 517.0215307943038, 560.0758634311575, 501.026682580887, 465.9504840881545, 429.8506240097144, 421.4509703119794], "std": [270.53557932697566, 407.86735046880256, 551.8298418755413, 720.5310728464532, 851.0736945088827, 796.1515840413655, 788.4753955786715, 759.5681794923815, 848.8902309078513, 1084.6410982230059, 1054.1857894240416, 868.3742664133174, 821.523631455887, 771.2685461633384, 787.8827206092602, 724.6883882901699, 659.4099921429001, 667.3962417903683, 641.8071162002566, 644.5830488003679]}, "keymask": {"shape": [4581, 1], "dtype": "uint16"}}