{"wall_distances": {"shape": [63, 24], "dtype": "float64", "mean": [200.75123843678878, 202.5502657001848, 208.29709006522492, 218.56999651738053, 234.50371617981685, 258.12983237845117, 293.12201480226315, 346.55718946304404, 433.69770151565604, 594.1671812076137, 941.6131578061355, 1664.88500772852, 2204.0834924943238, 1063.1915662501144, 630.4818528295128, 457.6301148484477, 364.4917478513277, 307.6150351208079, 270.45089708943345, 245.37688057951914, 228.45226099939106, 217.50191077408115, 211.3095698967095, 209.25011468536434], "std": [0.2529259246985772, 0.25519245813365776, 0.2624326904725396, 0.2753751939123325, 0.29544959793764947, 0.3252154605994623, 0.36930117523775285, 0.4366228359807807, 0.5464091964795446, 0.7485813452872611, 1.1863217388962672, 2.0975583269252227, 2.776884471502273, 1.3394960593173246, 0.7943334699615694, 0.576561127163923, 0.4592181662418784, 0.38756056327701993, 0.34073843185686165, 0.30914837841262566, 0.28782555219897593, 0.27402954651489186, 0.26622801519888584, 0.26363337486001387]}, "keymask": {"shape": [63, 1], "dtype": "uint16"}}
