{"wall_distances": {"shape": [7015, 20], "dtype": "float32", "mean": [849.5910949417357, 846.6806695100842, 852.6316316025266, 889.2766384847743, 972.5056350023696, 1062.5370201480828, 1073.4218452915827, 1171.8862972755817, 1103.738416614349, 976.4736713472357, 934.6521973922395, 871.8428273844754, 869.1171145648206, 738.5330207693281, 729.4766022627858, 695.345552090601, 713.0376978587942, 754.965263566326, 783.4606915886818, 767.8458059966898], "std": [1167.127105271848, 1165.912336001045, 1154.5419681001179, 1149.437467205147, 1167.6082305760233, 1185.1806270398656, 1180.4375392494283, 1224.2794261577494, 1221.1051072015896, 1176.1901214440338, 1173.7237991216855, 1152.805855213114, 1148.196936623449, 1031.2858617679508, 1036.1574523274396, 1027.4006607921694, 1053.038056190299, 1080.8061784491663, 1086.0997293809758, 1051.7429256286948]}, "keymask": {"shape": [7015, 1], "dtype": "uint16"}}