{"wall_distances": {"shape": [5888, 20], "dtype": "float32", "mean": [1126.207006643103, 1150.5456678495666, 1185.3345060041852, 1205.6991379716558, 1179.2897556052442, 1359.183673770247, 1296.336918062039, 1271.9092449514487, 1276.9683608805012, 1258.053240637509, 1322.425700417289, 1327.3893841503625, 1379.3213345586098, 1431.2919326784443, 1307.2290817313083, 1295.2913265417533, 1246.713010413926, 1205.9264047659974, 1180.45663079622, 1221.5990229012596], "std": [1083.602045361237, 1096.455311409996, 1065.7761336525218, 1086.8637795945046, 1080.5039349011668, 1153.1492565167778, 1119.7132052147124, 1149.4844573768478, 1146.219936545942, 1132.3157698513135, 1145.7173385444971, 1130.3936465459285, 1158.225723917747, 1161.1166677454462, 1105.9316112590502, 1091.7270716172586, 1092.0563946908333, 1141.0205417739546, 1147.6029736514736, 1166.5204108115133]}, "keymask": {"shape": [5888, 1], "dtype": "uint16"}}