{"wall_distances": {"shape": [4429, 20], "dtype": "float32", "mean": [2012.1621041213978, 1941.377370100911, 1889.9677758470991, 1858.555320241128, 1865.9294822193117, 1898.0223577972579, 1871.3165577548575, 1856.5580263389272, 2017.0519742797273, 2029.8524798288602, 2113.9066723187757, 2004.5137796019767, 2045.985772309838, 2091.784464115961, 2248.331753099083, 2301.309876791029, 2265.5741011260006, 2242.224492256672, 2276.9289144137256, 2335.667758070773], "std": [1189.9691377274698, 1218.9400626774604, 1236.902213217278, 1236.7046883849684, 1234.024917773697, 1236.3604705275702, 1237.862574654946, 1228.3724887636226, 1202.4684022628146, 1201.082186802859, 1177.0581941212076, 1162.5269821883824, 1156.103212880597, 1160.9860675033808, 1118.2463148413815, 1107.9559126062888, 1125.0064280799586, 1144.9652517129866, 1152.9286625767152, 1132.6077161561316]}, "keymask": {"shape": [4429, 1], "dtype": "uint16"}}