{"wall_distances": {"shape": [4595, 20], "dtype": "float32", "mean": [1435.4450651603993, 1414.0467521489936, 1463.772577445643, 1556.128084555935, 1591.2068431181547, 1570.5367090935597, 1551.745619387144, 1395.2590019799914, 1417.1114836826862, 1466.3506797379523, 1580.1712732543494, 1341.7529570518311, 1308.6947552564527, 1216.35854044709, 1098.2722151605424, 1027.448926126645, 1004.3492911010568, 1018.8898883806404, 1118.1405384874172, 1415.0131365092423], "std": [1254.5782832917375, 1254.3519546901948, 1254.6696301287516, 1256.6524136891946, 1251.6840349176325, 1228.8258436547108, 1244.803537280046, 1247.1469900609388, 1233.4386192951924, 1261.2997643799795, 1334.4864775105862, 1297.9713576664585, 1295.1469965566214, 1268.804190719936, 1208.5825775281642, 1173.4488535104351, 1150.112391908115, 1138.7557466287722, 1163.3626344606175, 1252.751604388098]}, "keymask": {"shape": [4595, 1], "dtype": "uint16"}}