{"wall_distances": {"shape": [2833, 20], "dtype": "float32", "mean": [2999.9998941051917, 2999.9998941051917, 2999.9998941051917, 2999.9998941051917, 2995.974009077024, 2833.342482458949, 2491.897821029019, 2078.9167371850804, 1630.837898391149, 1405.3502147317558, 1255.5996487260445, 1105.9102766913227, 962.7363855413017, 889.7673929735341, 872.9876552035813, 871.7419943125217, 644.8947087249485, 789.7556998276478, 1007.6792687017074, 1242.793875143079], "std": [0.5636350293706102, 0.5636350293706102, 0.5636350293706102, 0.5636350293706102, 107.06735000227873, 656.2739326321617, 1038.548325963711, 1217.528815451221, 1257.496418216528, 1232.893431368423, 1195.5411475957646, 1125.0278170248905, 1044.4202076737424, 997.4318433702012, 962.1754457902413, 920.8412254913474, 549.0174549580752, 722.6527506292397, 910.8962243865944, 1040.9350996764585]}, "keymask": {"shape": [2833, 1], "dtype": "uint16"}}