{"wall_distances": {"shape": [6771, 20], "dtype": "float32", "mean": [875.9733998667433, 878.9342642210084, 975.2090526175973, 1094.4983690068855, 1281.1550049751029, 1301.984539583752, 1188.5183380231936, 1131.6809816133914, 1110.526843062439, 1266.521242793577, 1188.400347891937, 905.5005983141356, 849.2847066605921, 767.3445528891381, 711.541861741927, 664.665082035426, 650.2978449254193, 656.1777270771286, 637.3458621200783, 675.3522227754738], "std": [1009.1125511466879, 986.2768270446238, 1019.4624080688005, 1054.1312683580463, 1102.7486673023357, 1143.450644086479, 1157.0160956795185, 1151.486858227591, 1137.6910583977256, 1208.203134197347, 1210.5045723634755, 1092.1174917726016, 1091.6375095871663, 1055.7157661300905, 1035.976931895742, 1011.3372473508315, 1014.4657180869076, 1031.2048178685247, 1015.4628967838674, 1037.8217775570647]}, "keymask": {"shape": [6771, 1], "dtype": "uint16"}}