{"wall_distances": {"shape": [6771, 24], "dtype": "float64", "mean": [679.8482589513469, 699.7232984710337, 695.5564251868155, 688.5115426896705, 639.411327696541, 626.2969221551585, 614.9775531180895, 527.767752190756, 493.85061554482695, 470.4463435226586, 457.1557233669048, 472.35097464464917, 494.55409833277355, 500.40738116281676, 463.08014944547136, 486.4300307134419, 491.6046277852446, 517.2094990603003, 526.1302085439828, 527.6192803374951, 533.4036013818848, 543.9173224125104, 524.7353376830562, 521.3649781095551], "std": [1026.169836634585, 1034.3514413177338, 1014.9354563247529, 983.3256195503432, 888.9727741189407, 829.5437393576759, 858.5546297267647, 811.6901665041553, 757.9492072944704, 721.9721824001696, 665.362210758798, 667.4553363620454, 696.2012386238991, 709.7030028872746, 709.1160895739334, 742.6011330022723, 758.3188241421508, 807.4605913900102, 807.40773715325, 805.7422702639109, 818.778110386393, 829.6521056320752, 789.4570807406856, 753.1741066312156]}, "keymask": {"shape": [6771, 1], "dtype": "uint16"}}
