{"wall_distances": {"shape": [4975, 20], "dtype": "float32", "mean": [537.8054385310833, 548.5257302716337, 540.2981012008197, 525.7054974913063, 568.5882947670995, 586.3350537573878, 680.9661713868563, 704.6509227254269, 687.7586826507098, 641.3487702138145, 657.4167869032768, 684.5352623362098, 672.3043925673077, 678.3903618797445, 726.5384573695763, 718.7481295889078, 692.0742136378752, 677.2689045951519, 673.6164661760539, 689.8892031147001], "std": [388.3418745331729, 420.9320481463734, 407.32567117200625, 411.574319727656, 501.5046602652553, 551.7826195443724, 652.6587934142464, 699.8842338055778, 671.7620343815701, 604.6586257197716, 583.6740188235462, 588.5252883764241, 559.1969364130463, 527.2636512306082, 486.464486889541, 394.8064112833094, 348.89192063029105, 330.42899941824663, 346.32073851427583, 383.2404700466946]}, "keymask": {"shape": [4975, 1], "dtype": "uint16"}}