{"wall_distances": {"shape": [6559, 20], "dtype": "float32", "mean": [1389.0446763909, 1248.2089833891596, 1292.3596386672136, 1491.8501534093618, 1568.747648987196, 1565.3213425843091, 1354.216545258532, 1155.8792358879552, 1008.3581625543939, 863.8712859636544, 876.3769079373886, 782.975080915712, 761.7602902212875, 786.3598020488175, 793.2911149197272, 751.266181751842, 692.5100087500215, 630.6242817432552, 653.1240683494608, 770.4605602008135], "std": [1305.4117289389956, 1297.0807516083014, 1304.8897135613597, 1301.3739668557514, 1263.8454637471712, 1231.0079227421363, 1232.3998798529733, 1214.296277979159, 1170.5826939807234, 1060.0863133912446, 1089.2944603718827, 1036.2390914260125, 1034.3427857964946, 1061.6743798552645, 1093.342392520901, 1061.4885380674386, 1005.2965855997222, 924.4597501831488, 918.0723536770536, 982.6753272380242]}, "keymask": {"shape": [6559, 1], "dtype": "uint16"}}