{"wall_distances": {"shape": [2847, 20], "dtype": "float32", "mean": [653.968055658596, 558.8337371767335, 419.96223941392464, 326.88335607871556, 303.2000396638311, 427.71424807316725, 565.7693241572231, 762.2762584632829, 1014.65751505265, 1427.7305885453607, 1549.882370628906, 1734.5793802243825, 1861.149703744442, 2187.457804429111, 2533.9749058378975, 2606.2377639505794, 2594.480254054035, 2585.2508003778903, 2576.686692599572, 2693.943086597878], "std": [982.7569028612996, 877.5513478581238, 653.6795240749715, 443.8622780875806, 370.7124441608921, 663.1777169581917, 840.0090236221553, 986.3142950479136, 1127.3707669396651, 1332.024321084153, 1326.679445086296, 1328.1711404803364, 1318.6215928405504, 1225.7628635445149, 997.5694864985653, 931.6472321318394, 950.4075298805893, 968.7989937071086, 986.4186195285959, 863.3140796447202]}, "keymask": {"shape": [2847, 1], "dtype": "uint16"}}