{"wall_distances": {"shape": [7290, 20], "dtype": "float32", "mean": [677.3553718475529, 695.7113482687678, 721.7541003112902, 806.456000786056, 909.1832082960642, 987.7400958678602, 910.5050575611682, 893.4189547744459, 894.6314749949356, 845.3255066560564, 746.8520647272516, 731.1924565343894, 713.5274983331796, 677.2508833929821, 636.4394844356701, 574.5347846111828, 567.5204355092267, 586.4410603401834, 572.5052778364332, 644.1827404026176], "std": [1081.5561213003186, 1093.0840568693325, 1101.8766168781347, 1138.0437410432285, 1163.334551749591, 1160.1031969563326, 1086.1906893385908, 1072.6738410691896, 1073.8749774100556, 1023.6350277395868, 945.3616169671117, 959.8842796524966, 948.0844352491634, 904.8515810346141, 868.7223733565473, 820.5435516572859, 826.0795323722189, 856.3943988596566, 825.0412088781428, 894.8703135064353]}, "keymask": {"shape": [7290, 1], "dtype": "uint16"}}