{"wall_distances": {"shape": [5425, 20], "dtype": "float32", "mean": [1044.881079887927, 1041.3738472478901, 1072.7997889216879, 1142.6980937209623, 1211.8036659910806, 1216.0734593043248, 1165.2230528734801, 1134.513551519126, 1123.572927538147, 1170.5490131176127, 1044.3040437536254, 978.3538809064629, 942.6304011482985, 944.5759536966474, 1048.2853529746944, 1151.4656649769872, 1126.8124878761453, 1137.3160167688457, 1164.2139738136168, 1191.7075468878033], "std": [1070.9499885741325, 1055.8623062006707, 1056.5871973959868, 1087.1742757289785, 1133.6467025439713, 1147.3291601048354, 1139.1770122555627, 1118.284516005127, 1106.5342272040848, 1126.0769329339007, 1053.8082001257142, 1005.0878668076147, 989.7543534181809, 994.3124616594159, 1054.7148249022807, 1090.5186222766897, 1090.48786461235, 1114.4887656054698, 1126.7366007087685, 1125.9854373271555]}, "keymask": {"shape": [5425, 1], "dtype": "uint16"}}