{"wall_distances": {"shape": [4711, 20], "dtype": "float32", "mean": [373.6441774747995, 334.3297655884528, 366.298701496404, 448.99884945278023, 578.1202117167892, 706.3344418875449, 705.0121035158091, 596.0942116688581, 660.0580207963765, 855.5821858755476, 863.804043373991, 691.8288873484391, 624.9253845214512, 712.3888293044666, 661.8115419806123, 520.0615036222082, 442.6371499266117, 408.14925269547217, 382.24985163212307, 454.7495510086851], "std": [378.45094270387807, 320.7733139272796, 441.6454014471911, 592.3221680543461, 764.9248751706843, 896.2782642187768, 932.662982070695, 827.9898980535507, 883.5422548414497, 1076.2721719760466, 1069.5795256974257, 871.9589532984049, 787.4162421868665, 836.6664345610784, 772.671099819502, 626.6691959151685, 565.9066681673031, 561.7509189550134, 532.7633159036634, 631.8459572604486]}, "keymask": {"shape": [4711, 1], "dtype": "uint16"}}