{"wall_distances": {"shape": [2970, 20], "dtype": "float32", "mean": [2999.9998989899013, 2999.9998989899013, 2999.9998989899013, 2999.9998989899013, 2999.9998989899013, 2917.694168093907, 2684.332975452854, 2252.2558904493176, 1775.3121910047125, 1445.872528959612, 1234.3956284058145, 1088.5554105722367, 949.2433071536615, 859.2936435868147, 825.8013229448641, 825.6173640426941, 660.4833572173513, 760.4284359855827, 907.5974879972891, 1215.2097841301395], "std": [0.5504818946107636, 0.5504818946107636, 0.5504818946107636, 0.5504818946107636, 0.5504818946107636, 445.23405084558925, 834.8413282313774, 1152.0592383962553, 1248.1486611482824, 1222.5827735354267, 1161.9923683465538, 1094.7269442450424, 997.5959142658995, 929.5657446026653, 882.5185101834054, 840.6878503948025, 544.4223444314586, 668.6922684862097, 796.6156698794076, 1016.6180721988183]}, "keymask": {"shape": [2970, 1], "dtype": "uint16"}}