{"wall_distances": {"shape": [4605, 20], "dtype": "float32", "mean": [2102.1786170227692, 2052.892931034317, 2005.8154306871538, 1911.9106228279934, 1905.8236057542226, 1910.8346325509738, 1868.7310364666955, 1870.7600359384633, 2034.418899641278, 2062.1619344503442, 2105.841983910818, 2017.325744416022, 2107.4667385983726, 2191.164703134653, 2324.889981414104, 2381.986977411855, 2364.5046225771944, 2362.124854847924, 2369.6469752773482, 2395.405703239042], "std": [1124.1614779296087, 1168.2513014511037, 1205.1925560826562, 1235.8167961271563, 1230.5165773614133, 1230.3248992294589, 1240.2398315458486, 1223.2799573462833, 1202.978097427799, 1195.4821085827411, 1178.5435851525779, 1145.104040501305, 1138.8128686771165, 1124.3517178825216, 1069.2733653244015, 1053.982645988251, 1076.4842824654002, 1093.9319222469248, 1108.1878685099407, 1099.0396351227207]}, "keymask": {"shape": [4605, 1], "dtype": "uint16"}}