{"wall_distances": {"shape": [3196, 20], "dtype": "float32", "mean": [720.6994336085007, 764.6934295336813, 815.6623910246583, 818.3519341583815, 836.2847841205221, 859.5548091683992, 918.2416358004914, 962.0467784649036, 1054.671458871362, 1051.2494923228319, 959.279359557198, 848.4989465000546, 864.3024254229313, 1105.021322707069, 1268.338212077348, 1266.9149489988895, 1235.8707956590208, 1139.198787436673, 1073.140736619975, 960.4527330549498], "std": [778.4381763095853, 850.7487677898899, 892.0359454100874, 853.8381060395429, 858.124830070387, 860.0585869519049, 900.1782123634746, 902.4141471791718, 880.6652378863391, 851.2403008408081, 800.0146519185672, 828.1187776403824, 915.57340994193, 1129.6100944219556, 1236.0519433218305, 1273.0829756287749, 1289.3428976451341, 1265.8070855584954, 1243.7329097582285, 1180.9881304646628]}, "keymask": {"shape": [3196, 1], "dtype": "uint16"}}