{"wall_distances": {"shape": [6157, 20], "dtype": "float32", "mean": [711.7158039040612, 718.2101430532663, 714.7997065452463, 698.0175899689815, 717.6242678574964, 810.9027625518185, 733.9397076602902, 740.5140308910422, 695.1716900469501, 902.661773365316, 694.0438059330003, 590.4166494715865, 588.0423729400488, 643.3183680073619, 732.7613952915317, 750.0926591661803, 702.8188531877987, 712.2885166950906, 715.5816002901499, 730.4265622352292], "std": [1032.7383152043224, 1002.537501430854, 990.1613850217798, 966.5803425879153, 967.8952219469526, 1052.5034209090416, 948.3220551255476, 980.8794598573187, 948.0392996928791, 1123.0139761778346, 939.7652133489988, 877.8848000410162, 882.252822806978, 940.0296471510899, 1022.3006914607143, 1032.3314585236335, 973.0656728647169, 988.6383328076516, 991.776124943873, 996.7864139702039]}, "keymask": {"shape": [6157, 1], "dtype": "uint16"}}