{"wall_distances": {"shape": [6157, 24], "dtype": "float64", "mean": [2797.193472609734, 2787.1599223444136, 2605.170210219919, 2590.1018020101674, 2550.884212151686, 2502.06528579069, 2515.1581193157117, 2493.5856028810626, 2440.4163093843003, 2342.060458923278, 2325.979378512497, 2331.7760841559116, 2376.3718356340128, 2383.1625060634055, 2421.4331272597487, 2410.850166065113, 2384.41300044775, 2380.3259248564354, 2404.0992749723837, 2387.382114581203, 2366.8627269667727, 2395.657150428265, 2552.402961975177, 2596.797137923312], "std": [669.0206026051702, 675.4685957591855, 924.321726740431, 939.0167089134769, 961.1922783084576, 988.1942341203331, 988.2113971274398, 991.4030665318518, 1010.5269451214582, 1080.817785947703, 1110.1702858983595, 1120.484065405455, 1097.9995397738319, 1090.6620749768974, 1081.4887362732784, 1086.9313252620777, 1103.1167853958236, 1113.09667765514, 1101.028412123589, 1106.0199658925949, 1099.883663049904, 1101.357857322233, 963.5607250084149, 915.0707092797772]}, "keymask": {"shape": [6157, 1], "dtype": "uint16"}}