{"wall_distances": {"shape": [5316, 20], "dtype": "float32", "mean": [1355.947867140283, 1143.0206444928313, 1036.5533561560333, 921.2859028412162, 807.2036441614911, 789.5852816201711, 789.525973098307, 849.5703014208206, 959.7411975424378, 1247.1899777245674, 1341.6783824456402, 1232.8781119475332, 1314.785139780063, 1364.795047698096, 1524.9084025498175, 1697.7557540979326, 1745.9102208038537, 1678.9571852903955, 1691.8328567596136, 1626.1202175086098], "std": [1358.1932020267334, 1309.9680539995877, 1277.9817330130752, 1212.3091938504863, 1115.6986857431523, 1086.2016821397947, 1075.9230070654685, 1114.40135410656, 1173.0900766189427, 1305.9429609224155, 1337.9400079494628, 1300.3975373445473, 1323.4592315771154, 1323.8343156528038, 1339.1721809701091, 1351.371217525325, 1358.9084041625229, 1369.5404506719897, 1385.2921629638047, 1390.1408186564006]}, "keymask": {"shape": [5316, 1], "dtype": "uint16"}}