{"wall_distances": {"shape": [5752, 20], "dtype": "float32", "mean": [485.93166916395364, 440.67019865444513, 417.4295653941823, 422.3547908913019, 454.70063940082446, 478.8141594718852, 551.9249466598727, 619.2126945503425, 717.5990237855484, 774.3187818108869, 796.0842231755847, 808.0099337786382, 829.4587583612856, 855.240886190441, 914.0462705418656, 926.9609859015791, 900.7662474784465, 878.2644907715352, 900.9960296249494, 932.5158759250144], "std": [638.7075372926738, 583.0325326451374, 538.2275445565481, 504.8044216109091, 525.6028334597346, 581.0613725105962, 733.3855919499164, 848.5592590418946, 991.3223078818884, 1065.618112968985, 1077.2468437947198, 1071.9059099313095, 1105.5450963163876, 1120.058502523369, 1138.3276336367019, 1155.8755512276707, 1169.1942675098514, 1171.096788004395, 1198.6815547112706, 1224.7868096990956]}, "keymask": {"shape": [5752, 1], "dtype": "uint16"}}