{"wall_distances": {"shape": [6712, 20], "dtype": "float32", "mean": [213.3566694589183, 258.90456206578233, 319.30071377909127, 375.7816385993294, 444.1727569246909, 484.1915745609898, 422.7953390713821, 404.94485942022504, 416.9402779962558, 529.0715756407538, 561.2014336726309, 484.33445131989805, 417.28648999824907, 448.7207084867504, 520.6091787340772, 489.7496672925608, 432.7026704180129, 382.7630094250543, 339.2224659301587, 315.8264709253848], "std": [369.75248043103727, 530.6204720811572, 648.709492789995, 699.101670802296, 743.9337733698355, 781.6462808311097, 712.3800215812579, 696.4175289563989, 695.6745428348178, 830.0137514091183, 872.1465730638213, 772.0198454152825, 667.8732322809092, 639.8811042967986, 668.1230789803652, 652.8888956203452, 625.7722645046694, 591.3151944389635, 547.9632959919519, 526.1810283168129]}, "keymask": {"shape": [6712, 1], "dtype": "uint16"}}