{"wall_distances": {"shape": [7269, 20], "dtype": "float32", "mean": [170.50593336815635, 137.62566629060322, 165.91782180455198, 257.7506846312177, 378.5805569633077, 488.3839902085667, 542.8235674162645, 511.7494344299575, 531.7618170377222, 599.0420012164932, 570.5953411513124, 537.0311649678064, 512.2784434546577, 545.4429352968241, 591.5265748132401, 520.9038587163299, 446.4333048789244, 375.2952530125847, 331.86847485524675, 325.0998901612793], "std": [224.41403043793392, 91.63683220206377, 213.49714719357692, 465.05272726746796, 640.7558240813852, 762.7591125046954, 821.9389768126811, 773.2375678322866, 783.263240232819, 864.3559726217309, 838.114180406657, 796.7996968880826, 745.1503251689304, 725.8156822462837, 759.14247571054, 709.7146806049961, 646.3547163053174, 565.4698454185861, 507.563610922992, 481.1225104214846]}, "keymask": {"shape": [7269, 1], "dtype": "uint16"}}