{"wall_distances": {"shape": [5624, 20], "dtype": "float32", "mean": [421.8494006425877, 417.4434180647983, 402.36520660708067, 411.4410683899038, 421.980689793952, 438.9590072984923, 494.3781210583891, 571.1748477465425, 652.892959844844, 681.1879601529073, 746.0980309116231, 727.8745486161557, 715.5431647278226, 750.6144970196029, 848.9609071363309, 919.7360931403963, 895.4430817708859, 880.4663849759676, 899.0573953090169, 924.6668788473867], "std": [549.3584279106321, 557.9102666242926, 510.91941611643347, 479.6747796899729, 467.2772017222191, 533.5246044110321, 669.7146395212478, 810.0586402804997, 928.4028133267009, 985.5542185385287, 1050.7203889870814, 1002.1232729959456, 999.2371968054208, 1045.9210707310388, 1095.2920457016116, 1132.868403053879, 1148.637103074794, 1163.9587476244142, 1197.5987847534095, 1222.285133198019]}, "keymask": {"shape": [5624, 1], "dtype": "uint16"}}