{"wall_distances": {"shape": [6210, 20], "dtype": "float32", "mean": [870.457889685094, 1013.5088271676841, 1042.0177588399165, 1050.23301375171, 1077.1603015063554, 1149.1721742838201, 1191.7968849897816, 1219.4329167268838, 1243.4911236961132, 1274.0654024926641, 1238.9876833724852, 1177.7508666700257, 1186.576798435403, 1216.7738513636314, 1238.517148936167, 1198.888425499373, 1151.008533961225, 1067.9073648532312, 973.2470106614247, 831.041042292179], "std": [991.3769120312538, 1103.874871350472, 1109.4492470970586, 1118.5046755914418, 1118.1827616671274, 1142.2330130593464, 1161.8582707564278, 1182.5840322779954, 1204.5533541993827, 1210.395710574743, 1205.3110565616546, 1223.8531490557964, 1244.2666868833487, 1257.2699117229513, 1256.8759701590218, 1261.2798040260425, 1282.5919993231607, 1279.9173934587175, 1248.6901772687236, 1164.7477369858327]}, "keymask": {"shape": [6210, 1], "dtype": "uint16"}}