{"wall_distances": {"shape": [2962, 20], "dtype": "float32", "mean": [686.3279743585122, 673.9172127247366, 691.5909089840679, 703.9635784982006, 709.3432920251065, 800.9332735820393, 873.8692956467128, 957.7415003388642, 941.6530383570234, 948.8284112932643, 936.8618124994416, 919.8476390523049, 868.3867684286558, 855.2062480339015, 815.3650082159925, 780.3203193932054, 707.2633024617737, 658.3829723565314, 612.0873657055231, 569.318323896077], "std": [592.1810638041425, 570.8792889051535, 596.967714770776, 576.1900718011409, 517.4338006783383, 494.368330965934, 542.9513418962321, 616.552860073909, 614.9434398701223, 635.0160980925814, 637.768521779554, 632.7123277080503, 640.8257001927684, 691.6048438066881, 669.1098056432385, 546.5544809831341, 380.48339358975363, 310.6873729568689, 288.1449613953937, 269.00309354435194]}, "keymask": {"shape": [2962, 1], "dtype": "uint16"}}